SUBJID,L_bankssts_thickavg,L_caudalanteriorcingulate_thickavg,L_caudalmiddlefrontal_thickavg,L_cuneus_thickavg,L_entorhinal_thickavg,L_fusiform_thickavg,L_inferiorparietal_thickavg,L_inferiortemporal_thickavg,L_isthmuscingulate_thickavg,L_lateraloccipital_thickavg,L_lateralorbitofrontal_thickavg,L_lingual_thickavg,L_medialorbitofrontal_thickavg,L_middletemporal_thickavg,L_parahippocampal_thickavg,L_paracentral_thickavg,L_parsopercularis_thickavg,L_parsorbitalis_thickavg,L_parstriangularis_thickavg,L_pericalcarine_thickavg,L_postcentral_thickavg,L_posteriorcingulate_thickavg,L_precentral_thickavg,L_precuneus_thickavg,L_rostralanteriorcingulate_thickavg,L_rostralmiddlefrontal_thickavg,L_superiorfrontal_thickavg,L_superiorparietal_thickavg,L_superiortemporal_thickavg,L_supramarginal_thickavg,L_frontalpole_thickavg,L_temporalpole_thickavg,L_transversetemporal_thickavg,L_insula_thickavg,R_bankssts_thickavg,R_caudalanteriorcingulate_thickavg,R_caudalmiddlefrontal_thickavg,R_cuneus_thickavg,R_entorhinal_thickavg,R_fusiform_thickavg,R_inferiorparietal_thickavg,R_inferiortemporal_thickavg,R_isthmuscingulate_thickavg,R_lateraloccipital_thickavg,R_lateralorbitofrontal_thickavg,R_lingual_thickavg,R_medialorbitofrontal_thickavg,R_middletemporal_thickavg,R_parahippocampal_thickavg,R_paracentral_thickavg,R_parsopercularis_thickavg,R_parsorbitalis_thickavg,R_parstriangularis_thickavg,R_pericalcarine_thickavg,R_postcentral_thickavg,R_posteriorcingulate_thickavg,R_precentral_thickavg,R_precuneus_thickavg,R_rostralanteriorcingulate_thickavg,R_rostralmiddlefrontal_thickavg,R_superiorfrontal_thickavg,R_superiorparietal_thickavg,R_superiortemporal_thickavg,R_supramarginal_thickavg,R_frontalpole_thickavg,R_temporalpole_thickavg,R_transversetemporal_thickavg,R_insula_thickavg,LThickness,RThickness,LSurfArea,RSurfArea,ICV
sub-02,2.475,2.639,2.632,1.833,3.135,2.702,2.52,2.511,2.323,2.235,2.601,2.07,2.479,2.77,3.017,2.477,2.614,2.503,2.393,1.553,1.98,2.32,2.634,2.357,2.955,2.266,2.654,2.251,2.802,2.572,2.867,3.308,2.231,2.77,2.74,2.451,2.465,1.858,3.545,2.739,2.538,2.7,2.173,2.312,2.633,2.116,2.227,2.88,2.988,2.545,2.749,2.652,2.43,1.695,1.973,2.348,2.539,2.346,2.538,2.256,2.54,2.221,2.835,2.526,2.798,3.615,2.321,3.013,2.45969,2.46148,88708.9,89130.1,1506700
sub-03,2.587,2.755,2.626,1.885,3.394,2.857,2.574,2.792,2.266,2.353,2.593,2.13,2.605,2.919,3.132,2.57,2.582,2.961,2.614,1.917,2.138,2.833,2.667,2.503,2.788,2.365,2.694,2.339,2.995,2.49,2.651,3.514,2.573,3.21,2.595,2.635,2.66,1.998,3.584,2.947,2.523,2.879,2.643,2.436,2.638,2.056,2.446,3.106,2.871,2.43,2.486,2.746,2.794,1.855,2.131,2.55,2.655,2.454,2.973,2.38,2.616,2.268,2.928,2.564,2.586,3.47,2.574,3.108,2.56305,2.54814,101737,100478,1608840
sub-04,2.674,2.46,2.547,1.981,3.34,2.874,2.596,2.881,2.238,2.331,2.649,2.229,2.405,2.931,2.916,2.538,2.721,2.867,2.578,1.84,2.351,2.458,2.635,2.511,2.843,2.345,2.614,2.441,2.979,2.687,3.132,3.741,2.535,3.027,2.624,2.368,2.317,2.074,3.823,2.916,2.671,2.974,2.275,2.508,2.529,2.229,2.504,2.966,3.068,2.496,2.728,2.905,2.523,1.706,2.245,2.481,2.575,2.45,2.712,2.382,2.55,2.43,3.003,2.706,2.814,3.059,2.787,3.002,2.57933,2.56836,89263,87801.9,1476610
sub-05,2.782,2.362,2.651,2.171,3.356,2.935,2.596,3.011,2.568,2.442,2.697,2.079,2.233,3.18,2.953,2.707,2.826,2.79,2.564,1.627,2.243,2.492,2.777,2.555,2.83,2.417,2.89,2.368,3.154,2.726,2.932,4.005,2.803,2.902,2.529,2.309,2.444,2.197,3.702,3.033,2.654,2.894,2.709,2.468,2.484,2.292,2.26,2.968,3.023,2.581,2.626,2.658,2.578,1.757,2.264,2.359,2.642,2.528,2.683,2.346,2.566,2.349,3.06,2.639,2.587,4.271,2.798,3.214,2.63303,2.56694,89868.5,89333.3,1632500
sub-07,2.654,2.744,2.655,2.053,3.56,2.869,2.557,2.888,2.636,2.329,2.605,2.246,2.444,3.177,2.805,2.403,2.82,2.734,2.64,2.038,2.289,2.515,2.726,2.477,2.712,2.487,2.768,2.409,2.901,2.613,2.754,2.981,2.677,2.906,2.753,2.472,2.589,2.047,3.549,2.899,2.588,2.935,2.29,2.519,2.563,2.272,2.339,2.746,2.672,2.461,2.721,2.613,2.498,1.945,2.262,2.427,2.655,2.382,2.927,2.435,2.703,2.272,2.891,2.703,2.569,3.647,2.64,3.043,2.6029,2.57839,91375.8,91326.3,1571870
sub-08,2.783,2.617,2.482,2.05,3.7,2.845,2.517,2.854,2.371,2.34,2.789,2.039,2.475,2.822,3.367,2.357,2.696,2.887,2.541,1.565,2.093,2.503,2.61,2.448,2.796,2.364,2.703,2.21,2.938,2.627,3.047,3.575,2.624,2.937,2.553,2.329,2.529,2.009,3.823,2.858,2.577,2.755,2.439,2.261,2.662,1.96,2.482,2.877,3.115,2.362,2.873,2.828,2.602,1.879,2.102,2.475,2.566,2.419,3,2.367,2.652,2.229,2.869,2.566,3.055,3.709,2.6,2.883,2.54268,2.51719,79929.3,79161.4,1358020
sub-09,2.688,2.704,2.637,2.171,3.558,3.019,2.707,2.964,2.582,2.62,2.663,2.385,2.481,2.989,3.411,2.482,2.689,2.796,2.562,1.958,2.304,2.553,2.726,2.479,2.811,2.421,2.686,2.56,3.177,2.692,2.922,3.825,2.825,2.905,2.633,2.652,2.425,2.123,3.504,2.989,2.751,3.055,2.309,2.603,2.708,2.325,2.514,3.038,3.336,2.488,2.678,2.755,2.488,1.906,2.137,2.511,2.656,2.509,2.803,2.374,2.694,2.502,3.189,2.659,2.871,4.143,2.755,3.065,2.66289,2.63475,69822.9,70030.3,1247250
sub-10,2.511,2.755,2.772,2.106,3.434,2.877,2.797,2.824,2.354,2.421,2.651,2.348,2.433,2.944,3.188,2.789,2.644,2.663,2.632,1.868,2.357,2.521,2.904,2.662,2.953,2.401,2.921,2.469,3.075,2.92,2.763,3.531,2.797,2.834,2.687,2.827,2.754,2.187,3.81,2.889,2.669,2.856,2.446,2.423,2.788,2.361,2.537,3,3.121,2.791,2.799,3.036,2.621,1.763,2.311,2.569,2.818,2.66,3.063,2.481,2.938,2.433,3.092,2.876,2.889,3.465,2.958,3.151,2.67905,2.6886,83915.5,83402.8,1467860
sub-11,2.626,2.63,2.51,1.876,3.744,2.701,2.459,2.627,2.322,2.164,2.538,2.181,2.369,2.872,2.848,2.453,2.606,2.503,2.529,1.717,2.085,2.423,2.541,2.405,2.98,2.363,2.701,2.273,3.007,2.618,2.697,3.531,2.588,2.936,2.713,2.509,2.456,1.892,3.539,2.781,2.502,2.852,2.289,2.289,2.454,2.1,2.273,2.935,2.825,2.45,2.597,2.431,2.418,1.728,2.037,2.444,2.569,2.435,2.719,2.326,2.587,2.214,2.99,2.602,2.631,3.764,2.769,2.797,2.49901,2.48604,97069.7,97637.6,1701730
sub-13,2.531,2.427,2.637,2.021,3.323,2.946,2.598,2.961,2.331,2.379,2.54,2.087,2.463,3.111,3.255,2.539,2.694,2.622,2.666,1.892,2.126,2.506,2.706,2.526,2.919,2.356,2.736,2.54,2.919,2.602,2.819,3.596,2.717,2.907,2.595,2.538,2.457,2.114,3.565,2.988,2.686,3.022,2.605,2.507,2.536,2.153,2.308,2.972,3.06,2.5,2.549,2.513,2.469,1.966,2.18,2.601,2.623,2.51,2.801,2.279,2.674,2.416,2.759,2.512,2.912,3.443,2.576,2.951,2.59086,2.56524,80707.9,80313.9,1417510
sub-14,2.928,2.357,2.627,2.004,3.454,2.985,2.697,3.157,2.499,2.302,2.64,2.153,2.488,3.12,2.596,2.395,2.677,2.82,2.504,1.735,2.064,2.454,2.643,2.585,2.979,2.398,2.722,2.308,3.131,2.706,2.714,3.198,2.616,2.996,2.98,2.273,2.482,2.058,3.749,2.873,2.658,2.981,2.823,2.43,2.443,2.192,2.378,3.174,2.592,2.344,2.554,2.649,2.535,1.807,2.114,2.516,2.522,2.464,2.817,2.269,2.47,2.316,3.021,2.546,2.214,3.901,2.615,3.031,2.60462,2.53012,84520.3,84787.5,1474200
sub-15,2.572,2.574,2.64,1.877,3.645,2.866,2.702,2.947,2.345,2.215,2.58,2.123,2.423,3.205,3.294,2.414,2.823,2.885,2.677,1.718,2.276,2.441,2.752,2.618,3.062,2.536,2.923,2.424,3.156,2.805,2.722,3.191,2.484,3.014,2.562,2.358,2.46,2.093,3.526,2.935,2.612,2.952,2.336,2.341,2.629,2.032,2.356,3.079,3.123,2.362,2.82,2.908,2.645,1.79,2.222,2.469,2.633,2.528,2.582,2.412,2.702,2.33,3.179,2.83,2.966,3.411,2.233,3.003,2.64329,2.57439,83978.3,84564.7,1441660
sub-16,2.751,2.623,2.578,2.016,2.685,2.901,2.518,2.81,2.529,2.205,2.658,2.095,2.415,3.015,3.182,2.519,2.602,3.076,2.541,1.581,2.23,2.451,2.736,2.527,2.675,2.358,2.61,2.206,3.109,2.615,2.776,3.295,2.781,3.08,2.638,2.548,2.358,2.042,3.225,2.831,2.572,2.818,2.458,2.332,2.659,2.055,2.329,2.987,2.984,2.516,2.802,2.796,2.546,1.77,2.234,2.334,2.689,2.478,2.923,2.356,2.605,2.325,2.914,2.717,2.723,3.235,2.539,3.172,2.549,2.55027,93188.2,94080.7,1708970
sub-17,2.531,2.546,2.553,2.086,3.373,2.814,2.647,2.749,2.43,2.29,2.595,2.504,2.483,2.933,3.05,2.429,2.731,2.776,2.683,1.832,2.337,2.557,2.713,2.588,2.671,2.349,2.615,2.332,3.095,2.725,2.406,3.583,2.65,3.1,2.952,2.384,2.485,2.054,3.128,2.916,2.629,2.676,2.434,2.511,2.745,2.143,2.548,2.963,2.765,2.496,2.604,2.976,2.518,1.792,2.272,2.356,2.591,2.613,2.813,2.327,2.593,2.362,2.946,2.738,2.582,3.366,2.573,3.046,2.60338,2.56732,101561,102105,1764830
sub-18,2.568,2.297,2.413,1.996,2.874,2.648,2.455,2.683,2.368,2.237,2.852,2.198,2.633,2.931,2.56,2.341,2.735,2.865,2.391,1.655,2.079,2.336,2.479,2.38,2.737,2.386,2.693,2.141,2.773,2.488,2.456,3.334,2.512,3.069,2.748,2.084,2.329,1.933,2.746,2.861,2.443,2.762,2.497,2.388,2.701,2.099,2.67,2.79,2.601,2.282,2.693,2.514,2.438,1.567,2.107,2.391,2.548,2.358,2.835,2.239,2.657,2.188,2.83,2.48,2.604,2.394,2.4,3.117,2.48401,2.46488,91274,90195.3,1620450
sub-19,2.571,2.808,2.432,1.737,2.986,2.809,2.492,2.698,2.573,2.193,2.584,2.105,2.238,2.859,2.809,2.418,2.58,2.886,2.448,1.637,2.178,2.503,2.425,2.336,2.694,2.27,2.567,2.267,2.794,2.574,2.954,3.316,2.476,2.93,2.579,2.492,2.278,1.949,3.388,2.743,2.493,2.588,2.324,2.373,2.506,2.169,2.43,2.779,2.911,2.464,2.671,2.674,2.445,1.818,2.027,2.409,2.485,2.381,2.683,2.189,2.468,2.234,2.857,2.533,2.589,3.303,2.222,2.906,2.46161,2.44011,84852.7,85216.5,1358450
sub-20,2.629,2.488,2.851,2.025,3.443,2.648,2.382,2.531,2.271,2.097,2.755,2.203,2.217,2.735,2.846,2.355,2.819,2.376,2.466,2.124,2.429,2.444,2.704,2.499,2.755,2.492,2.783,2.403,2.852,2.797,2.47,2.902,2.247,2.89,2.727,2.28,2.484,2.116,3.353,2.693,2.611,2.696,2.4,2.269,2.63,2.335,2.256,2.786,2.657,2.403,2.686,2.474,2.738,1.979,2.273,2.364,2.53,2.424,2.277,2.34,2.535,2.282,2.773,2.588,2.661,2.851,2.407,2.979,2.53379,2.48595,99399.6,100544,1713500
sub-21,2.523,2.571,2.767,1.929,3.05,2.769,2.485,2.83,2.856,2.227,2.733,2.168,2.556,2.879,2.391,2.39,2.684,2.81,2.672,1.674,2.105,2.421,2.556,2.495,2.945,2.416,2.768,2.183,2.794,2.509,2.891,2.49,2.183,3.291,2.668,2.215,2.577,1.933,3.582,2.933,2.643,2.933,2.574,2.374,2.823,2.165,2.567,3.1,2.544,2.485,2.726,2.815,2.56,1.771,2.233,2.393,2.733,2.476,2.689,2.417,2.713,2.241,2.928,2.66,3.17,3.209,2.792,3.198,2.5305,2.5933,92593,90428.8,1629750
sub-22,2.536,2.419,2.581,2.148,3.22,2.899,2.594,2.917,2.452,2.406,2.578,2.155,2.494,2.977,2.871,2.627,2.708,3.028,2.484,2.037,2.403,2.464,2.749,2.537,3.008,2.462,2.793,2.37,3.045,2.772,2.815,3.845,2.911,3.115,2.727,2.247,2.657,2.246,3.413,3.003,2.727,2.927,2.289,2.341,2.605,2.36,2.519,3.027,3.024,2.633,2.814,2.885,2.639,2.139,2.316,2.381,2.805,2.604,2.699,2.459,2.72,2.413,2.955,2.895,2.595,4.033,2.451,2.984,2.62188,2.63445,86282.2,85415.7,1457620
sub-24,2.478,2.719,2.537,2.2,3.25,2.836,2.606,2.834,2.347,2.181,2.429,2.261,2.332,2.81,3.086,2.536,2.484,2.781,2.457,1.93,2.194,2.541,2.67,2.576,2.757,2.322,2.591,2.417,2.769,2.625,2.72,3.583,2.163,2.986,2.739,2.436,2.578,2.161,3.762,2.884,2.625,2.841,2.458,2.521,2.645,2.303,2.492,2.947,3.241,2.554,2.565,2.803,2.552,1.818,2.299,2.467,2.64,2.563,2.779,2.324,2.564,2.427,2.831,2.676,2.668,3.215,2.117,3.126,2.53016,2.57735,98284.9,97709.3,1684400
sub-25,2.603,2.741,2.605,1.917,3.122,2.863,2.622,2.822,2.325,2.214,2.574,2.069,2.503,2.918,2.783,2.503,2.608,2.676,2.618,1.875,2.147,2.595,2.715,2.48,2.777,2.359,2.699,2.32,2.823,2.687,2.628,3.01,2.191,2.819,2.923,2.536,2.733,1.983,3.219,2.881,2.631,2.83,2.305,2.297,2.55,2.283,2.402,3.082,3.041,2.6,2.837,2.736,2.569,1.827,2.249,2.509,2.682,2.505,2.619,2.345,2.602,2.362,2.862,2.709,2.782,3.646,2.351,2.827,2.5386,2.56952,94242.1,93760.1,1656240
sub-26,2.508,2.707,2.557,2.014,3.491,2.829,2.53,2.888,2.349,2.292,2.66,2.115,2.39,2.951,2.994,2.511,2.713,2.626,2.615,1.773,2.264,2.294,2.718,2.421,2.901,2.374,2.614,2.226,2.863,2.677,2.602,3.61,2.728,2.919,2.619,2.434,2.594,2.043,4.159,2.94,2.604,2.901,2.563,2.371,2.505,2.232,2.349,2.981,3.049,2.548,2.716,2.728,2.445,1.703,2.219,2.472,2.654,2.379,2.805,2.29,2.599,2.276,2.93,2.604,2.618,3.713,2.576,3.073,2.53428,2.53761,85183.1,85420.3,1505280
sub-28,2.472,2.37,2.506,1.932,3.448,2.625,2.473,2.728,2.451,2.174,2.649,2.03,2.447,2.956,2.734,2.385,2.594,2.72,2.535,1.787,2.058,2.46,2.593,2.35,2.808,2.393,2.658,2.346,2.749,2.596,2.519,3.494,2.528,2.876,2.765,2.457,2.536,2.059,3.421,2.691,2.607,2.756,2.471,2.219,2.663,2.145,2.343,2.99,2.881,2.393,2.622,2.596,2.401,1.792,2.033,2.448,2.579,2.431,2.646,2.294,2.604,2.342,2.982,2.547,2.274,3.592,2.447,2.744,2.48941,2.49073,99350.6,99069.6,1431470
sub-29,2.648,2.483,2.602,1.948,3.489,2.781,2.587,2.677,2.379,2.229,2.704,1.987,2.499,2.804,3.218,2.635,2.793,2.623,2.552,1.828,2.245,2.568,2.822,2.618,2.803,2.34,2.71,2.325,2.908,2.676,3.017,3.333,2.569,2.988,2.796,2.429,2.586,1.993,3.818,2.784,2.643,2.73,2.427,2.129,2.647,2.002,2.321,2.785,3.047,2.57,2.845,2.781,2.584,1.585,2.342,2.366,2.783,2.483,2.608,2.368,2.767,2.301,3.001,2.794,2.934,3.816,2.337,3.023,2.55157,2.55118,86135.7,86150.2,1478850
sub-30,2.719,2.567,2.67,2.066,3.468,2.82,2.529,2.799,2.576,2.471,2.788,2.142,2.376,2.942,3.144,2.694,2.773,3.011,2.687,1.792,2.282,2.522,2.801,2.575,2.831,2.548,2.87,2.407,3.066,2.743,2.837,3.566,2.923,3.133,2.67,2.361,2.518,2.028,3.642,2.985,2.601,2.94,2.77,2.546,2.584,2.098,2.576,2.944,3.219,2.631,2.82,2.87,2.689,1.888,2.213,2.411,2.783,2.61,3.072,2.503,2.836,2.352,3.104,2.68,2.643,3.542,2.674,2.961,2.64352,2.63523,84604.6,84184.6,1494740
sub-31,2.914,2.337,2.615,2.242,2.851,3.018,2.716,2.99,2.363,2.499,2.648,2.401,2.491,3.261,2.927,2.66,2.775,2.686,2.644,1.688,2.515,2.534,2.827,2.762,2.657,2.413,2.691,2.549,3.205,2.882,3.006,3.551,3.023,3.131,2.833,2.437,2.547,2.091,3.375,3.043,2.786,2.993,2.521,2.613,2.691,2.303,2.377,3.276,2.836,2.646,2.607,2.537,2.548,1.521,2.334,2.58,2.74,2.701,2.466,2.268,2.661,2.538,3.318,2.851,2.592,3.529,2.88,3.161,2.70529,2.67701,100602,99071.9,1609620
sub-32,2.513,2.707,2.368,1.864,3.957,2.842,2.532,2.71,2.508,2.337,2.601,2.177,2.354,2.953,2.882,2.325,2.633,2.384,2.402,1.908,2.097,2.506,2.556,2.48,2.614,2.236,2.457,2.363,2.92,2.619,2.919,3.651,2.482,3.051,2.69,2.484,2.435,2.043,3.78,2.892,2.683,2.762,2.628,2.473,2.491,2.22,2.313,2.957,3.06,2.354,2.574,2.468,2.429,1.931,2.077,2.593,2.542,2.476,2.735,2.284,2.514,2.302,3.006,2.678,2.638,3.798,2.642,2.923,2.50472,2.5341,107631,105420,1754790
sub-33,2.589,2.432,2.535,2.128,3.356,2.885,2.612,2.778,2.848,2.466,2.536,2.336,2.475,2.983,3.187,2.677,2.62,2.68,2.484,1.911,2.182,2.453,2.67,2.643,2.758,2.341,2.668,2.529,2.956,2.699,2.564,3.515,2.57,2.928,2.708,2.208,2.606,2.112,3.224,2.787,2.67,2.871,2.612,2.491,2.608,2.21,2.425,2.84,3.321,2.595,2.619,2.8,2.576,1.773,2.296,2.487,2.672,2.633,2.701,2.352,2.618,2.475,2.976,2.783,2.862,4.058,2.408,2.894,2.60322,2.59321,87931.8,88298.2,1559670
sub-34,2.749,2.178,2.434,1.839,3.694,2.826,2.52,2.897,2.327,2.061,2.512,1.928,2.265,2.92,2.857,2.332,2.395,2.477,2.381,1.683,1.992,2.295,2.541,2.293,2.663,2.26,2.526,2.209,2.843,2.583,2.398,3.055,2.241,2.69,2.752,2.172,2.511,1.915,3.514,2.816,2.542,2.694,2.403,2.161,2.35,2.174,2.324,2.904,2.734,2.338,2.638,2.487,2.304,1.707,1.886,2.235,2.55,2.317,2.504,2.151,2.479,2.191,2.883,2.583,2.641,4.047,2.552,2.952,2.41815,2.42641,82353.3,83544.9,1458800
sub-38,2.657,2.351,2.575,2.071,3.434,2.812,2.493,2.763,2.408,2.409,2.672,2.168,2.276,2.903,2.808,2.477,2.497,2.429,2.485,1.833,2.174,2.392,2.581,2.497,2.538,2.354,2.658,2.264,2.734,2.58,2.53,3.215,2.467,2.793,2.655,2.439,2.609,1.99,3.619,2.794,2.491,2.65,2.429,2.476,2.689,2.346,2.557,2.858,2.771,2.57,2.534,2.731,2.523,1.8,2.221,2.368,2.602,2.571,2.668,2.463,2.717,2.265,2.733,2.537,2.714,3.583,2.591,3.135,2.51598,2.55415,89798.5,88815.7,1461750
sub-39,2.636,2.551,2.439,2.206,3.507,2.728,2.564,2.753,2.119,2.425,2.569,2.139,2.646,2.991,3.116,2.527,2.433,2.701,2.321,1.751,2.404,2.372,2.765,2.454,3.091,2.317,2.584,2.404,2.977,2.579,2.721,3.971,2.82,2.999,2.803,2.191,2.61,2.096,3.677,2.834,2.534,2.751,2.185,2.44,2.453,2.21,2.39,2.986,3.069,2.579,2.605,2.857,2.486,1.662,2.353,2.361,2.768,2.561,3.044,2.414,2.609,2.371,3.092,2.651,3.01,4.285,2.677,3.07,2.56293,2.57842,79102.2,78166.3,1371080
sub-40,2.475,2.255,2.503,1.974,3.636,2.759,2.468,2.696,2.283,2.219,2.482,2.226,2.44,2.839,2.775,2.15,2.5,2.47,2.357,1.854,2.153,2.263,2.659,2.315,2.767,2.315,2.512,2.223,2.806,2.555,2.634,3.666,2.439,2.842,2.519,2.571,2.47,2.056,3.935,2.833,2.402,2.841,2.28,2.275,2.486,2.193,2.276,2.778,2.338,2.528,2.524,2.277,2.282,1.952,2.078,2.405,2.515,2.345,2.657,2.219,2.449,2.205,2.742,2.488,2.6,3.264,2.053,2.908,2.46205,2.42814,99750.3,100705,1774550
sub-41,2.607,2.486,2.722,2.258,3.442,2.895,2.651,2.892,2.305,2.431,2.653,2.358,2.287,2.981,3.208,2.577,2.754,2.892,2.636,1.968,2.333,2.297,2.774,2.556,2.87,2.482,2.77,2.423,2.854,2.756,2.676,3.968,2.585,2.891,2.765,2.459,2.628,2.17,3.391,2.833,2.734,2.906,2.418,2.533,2.709,2.281,2.349,2.948,2.864,2.517,2.8,2.677,2.683,2.108,2.309,2.406,2.777,2.478,2.623,2.431,2.727,2.396,2.856,2.718,2.532,3.779,2.659,2.953,2.62975,2.61479,90955.3,90631.5,1683370
sub-42,2.743,2.736,2.29,2.026,3.461,2.798,2.55,2.708,3.131,2.315,2.577,2.087,2.441,2.917,2.62,2.497,2.611,2.697,2.47,1.709,2.04,2.638,2.469,2.546,2.867,2.324,2.612,2.276,2.92,2.433,2.673,2.908,2.361,2.992,2.574,2.299,2.294,2.007,3.246,2.886,2.672,2.951,2.353,2.363,2.683,2.228,2.431,2.85,3.002,2.408,2.442,2.802,2.546,1.56,2.055,2.305,2.54,2.467,2.892,2.323,2.477,2.288,2.757,2.606,2.64,3.228,2.443,3.156,2.50237,2.50725,88560.5,89550.3,1369840
sub-43,2.742,3.012,2.557,1.998,3.66,2.714,2.556,2.879,2.431,2.133,2.648,2.138,2.547,2.953,3.129,2.442,2.806,2.77,2.426,1.831,2.155,2.694,2.636,2.486,3.158,2.341,2.745,2.317,2.919,2.683,2.776,3.745,2.584,2.953,2.882,2.386,2.447,1.891,3.843,2.84,2.586,3.053,2.317,2.247,2.504,2.095,2.303,3.068,2.796,2.462,2.641,2.571,2.505,1.648,2.2,2.6,2.505,2.531,2.783,2.199,2.569,2.312,3.059,2.7,2.867,3.544,2.54,3.102,2.56005,2.513,96330.2,96499.9,1728400
sub-44,2.595,2.647,2.441,2.073,3.153,2.831,2.573,2.908,2.454,2.471,2.568,2.301,2.436,3.039,2.728,2.408,2.639,2.78,2.601,2.002,2.261,2.533,2.562,2.561,2.755,2.381,2.57,2.439,3.031,2.676,2.742,3.703,2.821,2.916,2.736,2.471,2.339,2.046,3.618,2.915,2.592,2.968,2.445,2.472,2.527,2.164,2.475,2.984,2.909,2.448,2.727,2.704,2.57,1.823,2.293,2.413,2.648,2.488,2.681,2.336,2.558,2.382,3.134,2.747,2.687,3.55,3.145,2.879,2.57866,2.57133,87464.7,88968.9,1503130
sub-45,2.507,2.967,2.536,2.128,3.637,2.795,2.521,2.768,2.351,2.283,2.742,2.207,2.516,2.947,3.123,2.602,2.66,2.676,2.454,1.847,2.185,2.578,2.686,2.477,3.006,2.402,2.708,2.298,2.923,2.622,2.834,3.809,2.598,3.084,2.707,2.767,2.678,2.215,3.743,2.894,2.651,2.953,2.282,2.36,2.874,2.19,2.62,3.012,3.117,2.452,2.657,2.859,2.51,2.037,2.272,2.678,2.644,2.446,2.856,2.396,2.716,2.347,3.073,2.685,3.093,3.769,2.484,3.043,2.56561,2.61596,86569.7,86192.2,1457440
sub-46,2.664,2.494,2.509,1.968,3.079,2.767,2.522,2.645,2.221,2.31,2.564,2.171,2.384,2.856,2.698,2.298,2.708,2.641,2.649,1.944,2.243,2.362,2.66,2.423,2.763,2.392,2.515,2.351,2.947,2.607,2.609,3.523,2.591,2.821,2.716,2.447,2.458,2.21,3.068,2.858,2.572,2.717,2.178,2.313,2.515,2.231,2.344,2.929,2.844,2.349,2.58,2.638,2.584,2.08,2.209,2.33,2.614,2.414,2.832,2.288,2.523,2.362,2.869,2.697,2.757,3.644,2.485,2.852,2.51017,2.51493,90193.5,89866.4,1598870
sub-47,2.489,2.583,2.367,2.059,2.774,2.833,2.506,2.68,2.358,2.346,2.568,2.224,2.278,2.857,2.847,2.374,2.592,2.472,2.336,1.958,2.142,2.324,2.542,2.403,2.922,2.208,2.452,2.24,2.768,2.575,2.368,2.521,2.652,3.063,2.388,2.257,2.305,2.059,3.273,2.922,2.41,2.677,2.428,2.419,2.55,2.289,2.323,2.886,2.973,2.38,2.513,2.376,2.419,1.85,2.14,2.28,2.497,2.349,2.666,2.166,2.409,2.155,2.861,2.518,2.385,3.127,2.559,2.969,2.46693,2.45413,89733.4,89614.2,1169190
sub-48,2.533,2.705,2.49,1.993,3.082,2.84,2.581,2.77,2.36,2.357,2.575,2.103,2.502,2.992,2.983,2.431,2.631,2.531,2.408,1.854,2.248,2.345,2.638,2.432,2.804,2.273,2.536,2.322,2.822,2.627,2.66,3.327,2.703,2.997,2.723,2.526,2.409,2.024,3.325,2.904,2.63,2.873,2.477,2.436,2.503,2.174,2.246,2.977,2.986,2.403,2.598,2.746,2.467,1.903,2.2,2.496,2.603,2.413,2.582,2.259,2.537,2.305,2.829,2.776,2.617,4.048,2.401,3.035,2.52743,2.53727,100566,100726,1788120
sub-49,2.644,2.708,2.423,1.973,3.167,2.85,2.468,2.904,2.364,2.256,2.501,2.086,2.625,2.816,3.077,2.613,2.517,2.523,2.41,1.707,2.164,2.595,2.615,2.503,2.833,2.317,2.744,2.303,2.97,2.616,2.281,3.178,2.896,2.921,2.437,2.531,2.571,2.019,3.456,3.007,2.496,2.931,2.579,2.32,2.496,2.105,2.338,3.076,2.795,2.547,2.632,2.474,2.401,1.933,2.08,2.451,2.637,2.522,3.101,2.329,2.622,2.237,2.89,2.673,2.591,2.729,2.943,2.917,2.5306,2.52911,80772.1,81131.9,1469570
sub-50,2.692,2.813,2.494,2.112,3.219,2.924,2.629,2.888,2.511,2.447,2.674,2.319,2.399,2.916,3.077,2.536,2.565,2.734,2.392,1.88,2.294,2.604,2.737,2.513,2.85,2.39,2.606,2.314,2.975,2.737,2.659,3.444,2.871,3.161,2.683,2.468,2.385,2.111,2.957,2.771,2.68,2.964,2.584,2.458,2.526,2.227,2.332,2.903,2.934,2.532,2.54,2.65,2.393,1.914,2.24,2.425,2.63,2.455,2.536,2.234,2.516,2.275,2.885,2.694,2.499,3.397,2.689,3.274,2.59872,2.53911,98043.2,97645.3,1680780
sub-51,2.732,3.016,2.66,1.981,3.66,2.85,2.656,3.02,2.33,2.312,2.794,2.174,2.587,3.125,2.879,2.484,2.857,3.033,2.782,1.829,2.244,2.717,2.832,2.643,3.224,2.56,2.806,2.485,3.226,2.73,3.001,3.964,2.675,3.3,3.015,2.973,2.574,2.145,3.568,2.938,2.758,2.947,2.437,2.383,2.723,2.361,2.416,3.048,3.224,2.466,2.719,3.026,2.486,1.69,2.311,2.753,2.737,2.655,2.972,2.413,2.805,2.483,3.001,2.823,3.183,3.583,2.605,3.165,2.704,2.67076,84887.4,83828.6,1563250
sub-52,2.681,2.581,2.69,1.911,3.485,2.757,2.711,2.919,2.506,2.287,2.771,2.256,2.67,2.971,3.634,2.666,2.702,2.576,2.495,1.562,2.295,2.787,2.726,2.627,2.673,2.398,2.783,2.329,3.046,2.685,2.763,3.477,2.347,3.192,2.697,2.458,2.72,2.037,3.829,2.816,2.633,2.957,2.698,2.454,2.772,2.243,2.534,3.054,3.289,2.578,2.738,2.675,2.613,1.67,2.216,2.629,2.785,2.566,2.502,2.393,2.593,2.328,2.942,2.651,2.714,3.791,2.306,3.151,2.61376,2.59578,96980.2,95513.9,1702020
sub-53,2.826,2.683,2.541,2.164,3.506,2.823,2.672,2.688,2.059,2.471,2.624,2.139,2.368,3.051,2.787,2.569,2.757,2.98,2.607,1.713,2.284,2.418,2.698,2.516,2.801,2.45,2.699,2.332,3.058,2.684,2.745,3.928,2.571,2.875,2.567,2.702,2.447,2.15,3.806,2.774,2.537,2.798,2.159,2.434,2.576,2.104,2.551,2.947,2.664,2.444,2.547,2.893,2.55,1.781,2.261,2.474,2.568,2.497,3.048,2.348,2.624,2.404,2.982,2.643,2.755,4.337,2.556,3.097,2.59637,2.55289,85466.9,86676.5,1601280
sub-54,2.724,2.547,2.504,2.044,3.212,2.799,2.649,2.925,2.421,2.409,2.732,2.152,2.462,2.988,3.091,2.414,2.666,2.787,2.707,1.682,2.199,2.526,2.65,2.513,3.213,2.458,2.694,2.372,3.024,2.707,2.812,3.638,2.478,2.967,2.679,2.795,2.541,1.83,2.957,2.784,2.585,2.744,2.487,2.512,2.741,2.035,2.312,3.014,3,2.466,2.858,2.989,2.646,1.622,2.192,2.44,2.597,2.51,2.97,2.354,2.639,2.28,3.116,2.763,3.014,3.799,2.527,3.167,2.60656,2.58403,89277.4,88694.1,1460090
sub-55,2.644,2.649,2.545,1.882,3.422,2.884,2.614,2.865,2.559,2.27,2.697,2.179,2.512,3.052,2.802,2.48,2.708,2.669,2.628,1.898,2.229,2.641,2.678,2.475,2.67,2.439,2.646,2.371,3.114,2.717,2.848,3.464,2.587,3.161,2.845,2.685,2.484,2.068,3.816,2.947,2.559,2.85,2.504,2.327,2.677,2.313,2.49,3.076,2.883,2.393,2.701,2.71,2.632,1.822,2.245,2.669,2.633,2.541,2.929,2.433,2.639,2.339,3.094,2.685,2.78,3.375,2.815,3.128,2.59961,2.60274,114008,115167,1935070
sub-56,2.701,2.367,2.56,2.123,3.543,2.865,2.639,2.87,2.426,2.414,2.652,2.243,2.479,3.107,3.106,2.691,2.8,2.54,2.55,2.056,2.357,2.465,2.8,2.517,2.745,2.512,2.75,2.396,3.19,2.754,2.729,3.789,2.852,3.228,2.69,2.424,2.653,2.148,3.695,2.973,2.584,2.852,2.387,2.41,2.697,2.279,2.525,3.024,2.953,2.565,2.68,2.779,2.545,2.073,2.247,2.42,2.768,2.489,2.54,2.395,2.668,2.357,3.096,2.678,2.54,3.863,2.821,3.076,2.65214,2.61438,111294,113220,1860830
sub-57,2.484,2.55,2.402,2.063,3.052,2.859,2.615,2.9,2.524,2.386,2.664,2.297,2.579,2.9,3.438,2.507,2.623,2.682,2.455,1.993,2.246,2.344,2.691,2.498,2.771,2.362,2.655,2.371,2.961,2.587,2.909,3.437,2.604,3.066,2.58,2.376,2.605,2.274,3.567,2.883,2.61,3.052,2.527,2.45,2.574,2.237,2.387,2.905,3.09,2.498,2.595,2.768,2.687,2.091,2.164,2.531,2.692,2.543,2.616,2.386,2.631,2.372,2.892,2.606,2.717,3.479,2.492,2.962,2.57768,2.58426,84732.8,84609.9,1451900
sub-58,2.767,2.606,2.547,2.015,3.378,2.921,2.654,3.004,2.686,2.366,2.674,1.975,2.408,3.158,3.339,2.631,2.685,2.714,2.644,1.41,2.314,2.557,2.746,2.445,2.691,2.298,2.624,2.448,2.981,2.856,2.563,3.659,2.791,2.999,2.778,2.486,2.453,1.958,3.508,2.986,2.594,3.01,2.43,2.447,2.415,2.076,2.388,3.047,3.326,2.522,2.774,2.725,2.482,1.387,2.297,2.474,2.766,2.476,2.613,2.342,2.611,2.418,2.932,2.709,2.793,3.655,2.56,3.054,2.61101,2.57805,92396.2,93696.3,1512340
sub-59,2.619,2.501,2.619,2.063,2.887,2.937,2.581,2.837,2.328,2.292,2.578,2.234,2.502,2.977,2.661,2.574,2.62,2.752,2.595,1.683,2.229,2.43,2.593,2.611,2.572,2.436,2.646,2.423,2.985,2.657,3.092,3.588,2.471,3.235,2.646,2.481,2.533,2.055,3.329,2.984,2.578,2.687,2.228,2.439,2.504,2.265,2.495,2.951,2.741,2.387,2.595,2.74,2.594,1.646,2.115,2.321,2.506,2.58,2.815,2.371,2.553,2.408,2.863,2.597,2.562,3.494,2.536,3.234,2.58275,2.5386,87632.9,87206,1420350
sub-60,2.482,2.327,2.431,1.989,3.12,2.789,2.511,2.646,2.325,2.252,2.669,2.193,2.46,2.76,2.974,2.719,2.7,2.67,2.308,1.625,2.172,2.537,2.592,2.714,2.896,2.243,2.725,2.319,2.801,2.585,2.803,3.326,2.49,3.03,2.425,2.247,2.386,2.124,2.614,2.71,2.474,2.643,2.316,2.384,2.562,2.295,2.561,2.678,3.124,2.522,2.67,2.889,2.638,1.655,2.338,2.371,2.577,2.524,3.016,2.247,2.578,2.332,2.968,2.654,3.236,3.894,2.387,2.789,2.52589,2.51374,94728.7,93286.5,1711430
sub-61,2.759,2.489,2.787,1.824,3.946,2.962,2.701,2.769,2.553,2.235,2.71,2.218,2.436,2.921,2.754,2.647,2.584,2.605,2.627,1.671,2.257,2.507,2.773,2.488,2.813,2.342,2.802,2.389,2.994,2.79,2.866,3.759,2.829,3.121,2.578,2.317,2.788,2.121,4.094,2.981,2.655,2.868,2.757,2.459,2.763,2.241,2.319,2.954,2.718,2.687,2.791,2.805,2.608,1.855,2.189,2.544,2.714,2.578,2.731,2.262,2.802,2.364,3.061,2.743,3.103,3.738,2.829,3.297,2.61278,2.6289,83959.9,82889.1,1517670
sub-62,2.717,2.672,2.537,2.029,3.251,2.854,2.614,3.021,2.438,2.356,2.706,2.106,2.581,3.318,2.86,2.513,2.686,2.837,2.529,1.82,2.064,2.643,2.686,2.576,3.168,2.499,2.73,2.395,3.082,2.72,2.826,3.699,2.896,2.961,2.878,2.407,2.557,2.137,3.451,3.011,2.697,2.867,2.426,2.4,2.619,2.078,2.433,3.187,3.003,2.535,2.778,2.683,2.663,1.872,2.105,2.41,2.699,2.643,2.608,2.417,2.75,2.427,3.104,2.781,2.977,4.112,2.808,3.231,2.62306,2.62271,86102.1,85052.2,1574310
sub-63,2.623,2.7,2.688,1.999,3.208,2.92,2.541,2.892,2.767,2.276,2.503,2.103,2.455,3.047,3.37,2.529,2.63,2.682,2.51,1.77,2.173,2.54,2.748,2.517,2.953,2.358,2.728,2.326,2.88,2.668,2.508,3.76,2.539,2.855,2.861,2.537,2.658,2.038,3.404,3.019,2.614,2.872,2.593,2.41,2.579,2.112,2.394,2.857,3.179,2.504,2.659,2.888,2.675,1.833,2.042,2.555,2.7,2.443,2.605,2.405,2.7,2.251,2.894,2.71,2.549,3.154,2.542,2.913,2.59103,2.56919,92593.6,94297.9,1576670
sub-64,2.648,2.46,2.499,2.276,3.44,2.811,2.628,2.791,2.363,2.307,2.56,2.239,2.396,3.044,3.181,2.361,2.445,2.675,2.263,1.981,2.258,2.56,2.639,2.501,3.039,2.345,2.593,2.288,2.943,2.639,2.697,3.454,2.835,2.978,2.538,2.478,2.562,2.332,3.605,2.877,2.609,2.775,2.483,2.348,2.439,2.231,2.393,2.914,3.018,2.38,2.598,2.798,2.425,2.04,2.185,2.5,2.581,2.471,2.885,2.274,2.592,2.297,2.957,2.671,2.707,3.609,2.73,2.972,2.54378,2.52897,87057.2,87771.4,1528550
sub-65,2.661,2.272,2.561,2.18,3.624,3.012,2.669,2.996,2.482,2.455,2.82,2.337,2.507,3.307,3.355,2.68,2.805,2.885,2.703,1.923,2.42,2.535,2.827,2.758,2.915,2.38,2.755,2.492,3.087,2.742,2.672,3.969,2.89,3.08,2.63,2.371,2.547,2.153,3.847,3.059,2.73,3.104,2.757,2.545,2.797,2.228,2.612,3.147,3.305,2.588,2.743,2.953,2.648,1.995,2.296,2.523,2.789,2.733,2.642,2.496,2.81,2.445,3.133,2.854,2.832,3.871,2.882,3.124,2.69729,2.70335,80614.3,81483.9,1469020
sub-66,2.663,2.514,2.667,2.108,3.068,2.975,2.564,2.811,2.507,2.4,2.552,2.177,2.526,3.018,3.101,2.608,2.696,2.649,2.556,1.637,2.305,2.597,2.807,2.558,2.916,2.441,2.82,2.421,3.007,2.728,2.803,3.365,2.466,3.226,2.795,2.555,2.566,1.964,3.271,3.034,2.711,2.955,2.432,2.603,2.559,2.387,2.335,2.865,3.012,2.524,2.761,2.478,2.454,1.627,2.328,2.603,2.587,2.574,2.672,2.297,2.714,2.393,3.041,2.776,2.647,3.366,2.615,3.194,2.63771,2.61622,104728,104635,1770240
sub-67,2.673,2.179,2.552,2.073,2.744,2.739,2.635,2.654,2.475,2.297,2.554,2.182,2.288,2.846,3.187,2.319,2.658,2.644,2.442,1.911,2.128,2.487,2.642,2.558,2.733,2.347,2.512,2.435,3.019,2.612,2.826,3.284,2.4,3.007,2.727,2.353,2.445,2.04,3.158,2.843,2.579,2.675,2.632,2.435,2.554,2.119,2.454,2.839,3.097,2.386,2.619,2.706,2.551,1.811,2.143,2.346,2.518,2.596,2.656,2.245,2.551,2.383,2.978,2.557,2.686,3.688,2.361,2.894,2.52806,2.51588,94418,96170.5,1516120
sub-68,2.502,2.438,2.358,2.023,3.924,2.948,2.806,2.832,2.41,2.463,2.669,2.248,2.648,3.102,3.22,2.467,2.673,2.615,2.534,1.714,2.151,2.52,2.635,2.612,2.738,2.316,2.637,2.363,2.952,2.697,2.95,3.667,2.542,3.379,2.743,2.462,2.385,2.14,3.719,3.097,2.702,2.9,2.461,2.479,2.595,2.163,2.527,3.067,3.102,2.373,2.469,2.676,2.599,1.562,2.091,2.538,2.584,2.62,2.663,2.283,2.547,2.415,2.969,2.664,2.864,4.286,2.671,3.271,2.58966,2.57495,84083.7,84929.7,1443390
sub-69,2.565,2.636,2.63,2.048,3.386,2.753,2.505,2.713,2.164,2.277,2.578,2.214,2.407,2.919,2.816,2.49,2.784,2.621,2.412,1.902,2.177,2.409,2.743,2.528,2.6,2.353,2.609,2.396,2.808,2.539,2.637,3.427,2.304,2.847,2.715,2.166,2.474,1.923,3.365,2.716,2.496,2.714,2.507,2.382,2.577,2.144,2.318,2.889,2.577,2.499,2.579,2.603,2.389,1.717,2.236,2.454,2.679,2.447,2.42,2.193,2.612,2.437,2.774,2.563,2.743,3.546,2.676,2.892,2.51617,2.49369,101053,101300,1792040
sub-70,2.862,2.94,2.707,2.183,3.13,3.076,2.564,2.971,2.449,2.469,2.694,2.157,2.543,3.227,2.822,2.644,2.869,2.958,2.576,1.869,2.169,2.765,2.897,2.666,2.772,2.405,2.764,2.465,3.096,2.721,2.767,3.701,2.721,2.962,2.92,2.551,2.678,2.051,3.217,2.971,2.701,3.213,2.577,2.545,2.542,2.304,2.482,3.168,2.745,2.555,2.673,2.884,2.644,1.824,2.198,2.664,2.773,2.588,2.924,2.36,2.686,2.412,2.96,2.639,2.544,3.959,2.659,2.976,2.6653,2.63455,96469.4,96430.3,1655730
sub-72,2.691,2.801,2.628,2.139,3.201,2.685,2.621,2.717,2.492,2.268,2.678,2.243,2.353,3.022,2.976,2.525,2.837,2.638,2.559,1.962,2.229,2.809,2.816,2.453,2.795,2.463,2.705,2.341,2.883,2.729,2.989,3.712,2.575,2.906,2.584,2.547,2.533,2.028,3.342,2.766,2.526,2.864,2.321,2.295,2.434,2.193,2.464,2.913,2.932,2.559,2.656,2.858,2.393,2.054,2.252,2.369,2.706,2.423,2.683,2.252,2.676,2.31,2.871,2.607,2.528,3.669,2.656,3.045,2.59186,2.52666,85461.9,85239.4,1442320
sub-73,2.512,2.331,2.603,2.074,3.018,2.924,2.574,2.844,2.397,2.36,2.621,2.174,2.643,3.18,3.128,2.345,2.651,2.787,2.558,1.8,2.064,2.376,2.695,2.415,2.719,2.444,2.739,2.28,2.943,2.597,2.767,3.768,2.367,3.199,2.544,2.437,2.438,2.136,3.221,2.835,2.616,3.098,2.535,2.308,2.627,2.299,2.459,3.062,2.968,2.42,3.016,3.073,2.563,1.855,2.108,2.425,2.613,2.546,2.993,2.296,2.653,2.306,2.935,2.681,2.759,3.827,2.669,2.874,2.56123,2.5591,92085.5,91557.7,1631780
sub-74,2.601,2.542,2.599,2.284,3.129,2.737,2.674,2.588,2.368,2.553,2.7,2.204,2.87,3.03,3.25,2.556,2.631,2.777,2.622,1.856,2.317,2.758,2.74,2.597,2.907,2.478,2.713,2.459,3,2.693,3.002,2.962,2.645,2.79,2.836,2.441,2.536,2.258,3.253,2.928,2.589,2.554,2.509,2.385,2.55,2.332,2.566,2.908,3.08,2.712,2.482,2.807,2.728,2.01,2.338,2.575,2.698,2.557,2.742,2.424,2.697,2.427,2.859,2.915,3.196,2.933,2.662,2.74,2.62352,2.59372,79149.1,80584.5,1429590
sub-75,2.582,2.591,2.466,2.334,3.107,2.952,2.532,3.015,2.433,2.469,2.623,2.177,2.509,3.032,2.432,2.498,2.543,2.94,2.568,2.038,2.311,2.285,2.655,2.51,3.311,2.321,2.687,2.319,2.982,2.635,2.692,3.284,2.852,2.907,2.652,2.467,2.499,2.246,3.63,2.978,2.546,2.976,2.718,2.567,2.718,2.156,2.53,2.902,2.596,2.603,2.64,2.941,2.446,1.914,2.224,2.567,2.58,2.581,2.795,2.373,2.679,2.324,3.067,2.65,2.632,3.468,2.795,2.995,2.5836,2.58789,83591.1,84300.5,1349580
sub-76,2.78,2.428,2.562,2.058,3.507,2.907,2.762,2.989,2.419,2.473,2.604,2.244,2.5,3.092,3.01,2.433,2.593,2.582,2.562,1.787,2.374,2.426,2.678,2.563,2.843,2.395,2.633,2.367,3.135,2.736,2.84,3.787,2.63,2.942,2.605,2.238,2.637,2.192,3.424,3.035,2.657,3.031,2.572,2.556,2.589,2.295,2.405,2.984,2.924,2.387,2.916,2.79,2.533,1.993,2.256,2.401,2.604,2.586,2.768,2.317,2.62,2.352,2.935,2.597,2.764,3.571,2.632,3.107,2.61758,2.59658,100036,99173.4,1704380
sub-77,2.72,2.512,2.417,2.002,3.566,3.038,2.638,2.874,2.417,2.493,2.814,2.268,2.684,3.138,3.377,2.488,2.812,2.696,2.543,1.725,2.236,2.777,2.728,2.798,2.982,2.393,2.744,2.381,3.095,2.763,2.782,3.856,2.672,3.093,2.708,2.591,2.555,2.116,3.41,3.077,2.738,3.018,2.522,2.481,2.812,2.228,2.598,3.006,3.109,2.536,2.67,2.592,2.624,1.694,2.226,2.718,2.771,2.652,3.05,2.443,2.712,2.419,3.012,2.73,3.253,3.768,2.665,3.233,2.65202,2.64898,91908.4,91111,1632890
sub-78,2.47,2.371,2.444,1.972,2.651,2.733,2.701,2.616,2.414,2.31,2.639,2.185,2.414,2.842,2.868,2.711,2.633,2.529,2.491,1.79,2.304,2.527,2.702,2.584,2.79,2.316,2.81,2.507,2.819,2.583,3.064,2.985,2.473,2.882,2.475,2.306,2.535,1.856,3.357,2.881,2.645,2.654,2.5,2.415,2.5,2.089,2.455,2.83,3.223,2.536,2.64,2.63,2.776,1.613,2.274,2.423,2.731,2.53,2.664,2.348,2.652,2.455,2.788,2.636,2.936,3.109,2.347,2.95,2.55255,2.5454,83838,83169.4,1415490
sub-79,2.921,2.464,2.607,2.181,3.475,2.808,2.669,2.765,2.23,2.452,2.661,2.268,2.492,2.93,3.093,2.404,2.706,2.759,2.52,1.905,2.219,2.49,2.632,2.653,3.043,2.363,2.651,2.363,2.984,2.672,2.63,3.568,2.746,2.895,2.905,2.3,2.376,2.087,3.496,2.876,2.634,2.753,2.014,2.413,2.341,2.222,2.438,2.866,3.027,2.578,2.458,2.481,2.525,1.811,2.152,2.473,2.594,2.59,2.678,2.222,2.471,2.428,2.99,2.664,2.837,3.635,2.909,2.872,2.58547,2.51647,102069,102107,1769780
sub-80,2.522,2.584,2.52,1.952,3.389,2.92,2.623,2.841,2.154,2.435,2.644,2.057,2.575,2.866,3.065,2.454,2.617,2.693,2.58,1.549,2.297,2.319,2.7,2.568,2.793,2.331,2.663,2.471,3.051,2.646,2.713,3.383,2.314,2.886,2.51,2.718,2.557,2.147,3.554,2.918,2.617,2.8,2.082,2.461,2.522,2.33,2.444,2.878,3.084,2.522,2.749,2.575,2.4,1.668,2.303,2.447,2.634,2.578,3.129,2.373,2.68,2.462,3.064,2.799,2.599,3.23,2.345,2.931,2.57963,2.59554,92820.6,92454.4,1535510
sub-81,2.495,2.207,2.511,2.13,3.118,2.825,2.622,2.636,2.283,2.417,2.381,2.242,2.336,2.949,2.84,2.464,2.766,2.551,2.377,1.984,2.236,2.285,2.717,2.504,2.58,2.304,2.562,2.347,3.016,2.563,2.376,3.515,2.631,2.729,2.563,2.379,2.378,2.041,3.38,2.939,2.726,2.823,2.558,2.378,2.5,2.137,2.32,2.867,2.71,2.38,2.728,2.649,2.319,1.984,2.16,2.213,2.666,2.491,2.471,2.264,2.442,2.397,2.972,2.555,2.777,3.821,2.699,2.944,2.51765,2.51501,95250.4,95059.1,1710520
sub-82,2.639,2.845,2.58,2.093,3.651,2.928,2.588,2.902,2.376,2.432,2.627,2.289,2.406,2.943,2.708,2.689,2.671,2.866,2.452,1.777,2.27,2.555,2.746,2.666,3.012,2.438,2.671,2.402,3.093,2.625,2.694,3.938,2.59,2.933,2.774,2.613,2.51,2.292,3.873,3.004,2.638,2.922,2.375,2.505,2.533,2.301,2.406,2.9,2.898,2.505,2.799,2.599,2.482,1.99,2.155,2.582,2.657,2.596,2.794,2.264,2.565,2.414,3.06,2.704,2.888,3.715,2.581,3.005,2.61941,2.60267,88416.5,87482.5,1423760
sub-83,2.674,2.488,2.537,2.169,3.667,3.005,2.606,2.934,2.485,2.565,2.724,2.248,2.547,3.033,3.224,2.472,2.599,3.051,2.504,2.186,2.257,2.386,2.812,2.592,2.639,2.397,2.654,2.46,3.049,2.721,2.629,3.795,2.613,2.797,2.649,2.319,2.631,2.207,3.361,3.016,2.702,2.945,2.319,2.587,2.721,2.408,2.491,2.956,3.089,2.416,2.544,2.701,2.64,1.848,2.57,2.432,2.417,2.608,2.59,2.305,2.531,2.587,2.938,2.571,2.927,3.924,2.895,2.995,2.63565,2.60965,82419.3,82831.1,1463280
sub-84,2.519,2.806,2.476,2.033,3.604,2.709,2.454,2.647,2.76,2.147,2.521,2.068,2.345,2.815,2.776,2.292,2.498,2.563,2.351,1.608,2.146,2.694,2.52,2.386,2.917,2.254,2.566,2.25,2.902,2.71,2.657,3.252,2.405,2.833,2.549,2.871,2.265,2.021,3.054,2.762,2.453,2.717,2.505,2.285,2.423,2.089,2.342,2.757,2.523,2.345,2.444,2.455,2.267,1.594,2.081,2.69,2.468,2.349,2.869,2.277,2.427,2.173,2.776,2.507,2.925,3.357,2.424,2.717,2.44758,2.40095,82674.6,82543,1348020
sub-85,2.79,2.638,2.601,2.245,3.453,2.968,2.676,2.997,2.396,2.521,2.588,2.336,2.5,3.183,2.908,2.611,2.617,2.978,2.57,1.982,2.357,2.486,2.716,2.647,3.114,2.43,2.686,2.363,3.055,2.776,3.18,3.616,2.539,3.037,2.946,2.377,2.629,2.296,3.703,2.882,2.743,3.02,2.216,2.632,2.652,2.391,2.6,3.187,2.915,2.621,2.763,2.707,2.58,2.14,2.407,2.488,2.851,2.707,3.119,2.476,2.702,2.429,3.011,2.771,2.651,3.282,2.503,3.088,2.65415,2.68004,84026.3,82995.8,1478560
sub-86,2.297,2.601,2.521,1.877,3.016,2.791,2.405,2.552,2.37,2.194,2.407,2.177,2.271,2.888,2.744,2.465,2.614,2.597,2.34,1.621,1.913,2.639,2.577,2.415,2.88,2.308,2.701,2.15,2.661,2.429,2.159,3.25,2.243,2.974,2.581,2.386,2.435,1.858,2.647,2.743,2.535,2.588,2.336,2.274,2.296,2.147,2.238,2.761,2.469,2.286,2.504,2.285,2.325,1.741,2.016,2.354,2.45,2.38,2.75,2.125,2.496,2.16,2.693,2.649,2.059,3.07,2.689,2.976,2.43857,2.39955,94686.6,94043.4,1265440
sub-87,2.726,2.305,2.376,1.978,3.374,2.696,2.528,2.742,2.322,2.172,2.561,2.004,2.326,2.858,2.822,2.308,2.414,2.36,2.296,1.647,2.028,2.324,2.378,2.54,2.611,2.21,2.513,2.221,2.899,2.463,2.472,3.378,2.229,2.807,2.611,2.358,2.381,1.904,3.536,2.64,2.51,2.632,2.415,2.196,2.498,2.087,2.197,2.673,2.822,2.312,2.65,2.401,2.459,1.478,2.168,2.212,2.382,2.428,2.675,2.162,2.419,2.299,2.867,2.572,2.433,3.22,2.679,2.809,2.41767,2.39923,98798.1,98340.7,1706370
sub-88,2.676,2.323,2.56,1.867,3.296,2.655,2.454,2.617,2.451,2.28,2.351,2.229,2.443,2.863,2.976,2.267,2.505,2.67,2.331,1.823,2.124,2.203,2.491,2.335,2.889,2.266,2.509,2.272,2.771,2.537,2.581,3.215,2.588,2.824,2.536,2.395,2.347,1.888,3.803,2.809,2.438,2.806,2.363,2.364,2.531,2.219,2.387,2.734,3.106,2.307,2.408,2.569,2.378,1.621,2.093,2.259,2.356,2.389,2.717,2.2,2.465,2.21,2.822,2.449,2.728,4.073,2.591,3.117,2.44711,2.42962,83848.8,83470.6,1238690
sub-89,2.52,2.65,2.583,1.93,2.848,2.76,2.606,2.732,2.53,2.32,2.472,2.166,2.457,2.992,3.146,2.376,2.621,2.664,2.522,1.717,2.104,2.529,2.568,2.466,2.997,2.412,2.62,2.188,2.878,2.558,2.932,3.348,2.582,3.02,2.583,2.288,2.515,1.964,2.627,2.845,2.622,3.044,2.53,2.493,2.36,2.068,2.524,2.93,2.978,2.326,2.633,2.624,2.674,1.791,2.2,2.507,2.564,2.445,2.765,2.301,2.572,2.235,2.997,2.64,2.637,2.963,2.731,2.939,2.50969,2.51962,93222.7,90604.4,1591850
sub-90,2.535,2.673,2.487,2.195,3.404,2.669,2.397,2.746,2.365,2.326,2.651,2.169,2.396,2.922,3.331,2.396,2.591,2.521,2.462,1.954,2.251,2.356,2.643,2.536,2.922,2.377,2.622,2.3,2.925,2.512,2.558,3.584,2.807,2.815,2.68,2.644,2.512,2.194,3.643,2.849,2.49,2.924,2.226,2.293,2.76,2.215,2.325,2.859,3.193,2.4,2.788,2.694,2.43,1.949,2.173,2.441,2.641,2.473,2.769,2.391,2.548,2.208,2.84,2.573,2.894,4.076,2.622,3.205,2.52144,2.52971,100480,101087,1785470
sub-91,2.85,2.903,2.537,2.038,3.696,2.951,2.645,3.181,2.573,2.444,2.942,2.24,2.613,2.952,3.189,2.606,2.833,3.094,2.928,1.745,2.237,2.752,2.655,2.733,2.799,2.547,2.766,2.456,3.115,2.743,3.086,3.632,2.73,3.214,2.728,2.242,2.445,2.194,3.834,2.96,2.788,2.854,2.314,2.543,2.819,2.17,2.435,3.039,2.982,2.599,2.526,2.902,2.514,1.891,2.112,2.442,2.643,2.764,2.655,2.294,2.627,2.408,3.119,2.65,2.923,3.52,2.906,3.088,2.68897,2.60992,88121.5,90517.5,1576230
sub-92,2.71,2.426,2.496,2.02,3.169,2.812,2.617,2.862,2.394,2.542,2.641,2.091,2.547,2.983,2.777,2.52,2.807,2.743,2.458,1.623,2.22,2.435,2.611,2.408,2.804,2.187,2.766,2.324,3.002,2.718,2.42,3.538,2.408,3.141,2.49,2.385,2.39,2.101,3.814,2.815,2.588,2.856,2.533,2.375,2.443,2.089,2.139,2.895,2.756,2.511,2.525,2.4,2.355,1.504,2.035,2.608,2.448,2.402,2.554,2.111,2.59,2.235,2.903,2.613,2.714,3.861,2.203,3.21,2.57834,2.48701,100196,100237,1691200
sub-93,2.634,2.547,2.405,1.942,3.705,2.904,2.589,2.833,2.398,2.286,2.644,2.039,2.343,2.957,3.172,2.485,2.653,2.726,2.444,1.563,2.081,2.413,2.565,2.487,2.772,2.338,2.656,2.287,2.883,2.661,2.819,3.703,2.83,3.03,2.79,2.541,2.521,1.932,3.918,3.016,2.64,2.926,2.633,2.415,2.611,2.147,2.406,2.873,3.003,2.483,2.662,2.868,2.524,1.665,2.078,2.506,2.667,2.544,2.808,2.345,2.678,2.315,2.81,2.668,2.721,3.663,2.432,3.078,2.54466,2.57756,82547.7,82839.7,1486540
sub-94,2.531,2.573,2.487,1.807,3.181,2.553,2.436,2.655,2.36,2.324,2.722,2.126,2.41,2.849,3.019,2.373,2.635,2.583,2.49,1.73,2.19,2.332,2.598,2.374,2.625,2.428,2.617,2.206,2.708,2.537,2.626,3.767,2.383,2.943,2.603,2.528,2.473,1.823,3.236,2.816,2.542,2.829,2.352,2.242,2.663,2.071,2.437,2.907,2.877,2.282,2.597,2.847,2.484,1.887,2.203,2.348,2.597,2.343,2.706,2.346,2.609,2.173,2.807,2.552,2.889,3.433,2.446,2.971,2.47821,2.49283,86282.6,85590.5,1460710
sub-95,2.868,3.132,2.539,2.058,3.281,3.028,2.766,3.078,2.549,2.509,2.748,2.261,2.584,3.143,3.287,2.526,2.745,2.882,2.814,1.687,2.317,2.536,2.608,2.63,2.681,2.521,2.717,2.527,3.192,2.72,2.765,3.544,3.072,3.23,2.841,2.72,2.502,2.374,4.045,2.988,2.844,3.019,2.458,2.624,2.679,2.291,2.588,3.101,3.319,2.485,2.716,2.847,2.671,1.858,2.226,2.439,2.619,2.662,2.791,2.339,2.697,2.544,3.223,2.826,2.905,3.868,2.796,3.282,2.69016,2.69366,75611.9,75377.6,1430970
sub-96,2.69,2.885,2.556,2.095,3.229,2.94,2.643,2.98,2.69,2.365,2.778,2.279,2.519,3.052,3.165,2.49,2.717,2.787,2.626,1.903,2.203,2.638,2.749,2.48,3.108,2.363,2.795,2.333,3.089,2.639,2.736,3.772,2.684,3.075,2.733,2.82,2.584,2.193,3.687,3.014,2.657,3.049,2.474,2.344,2.734,2.353,2.59,3.029,3.227,2.465,2.865,2.776,2.577,1.953,2.171,2.464,2.675,2.471,3.055,2.399,2.693,2.291,3.068,2.599,2.87,3.686,2.734,3.146,2.62551,2.61334,79036.9,79667.9,1329890
sub-97,2.551,2.65,2.593,1.885,3.273,2.713,2.478,2.655,2.49,2.198,2.655,2.218,2.531,2.817,3.337,2.351,2.594,2.564,2.428,1.904,2.181,2.65,2.668,2.42,3.152,2.332,2.579,2.175,2.8,2.609,2.618,3.253,2.48,2.862,2.886,2.563,2.523,1.959,3.78,2.827,2.583,2.769,2.508,2.255,2.538,2.147,2.516,2.947,3.129,2.477,2.621,2.854,2.544,1.735,2.283,2.615,2.628,2.498,2.777,2.394,2.619,2.202,2.916,2.645,2.655,3.716,2.623,3.137,2.49909,2.54455,90701.8,91244.1,1628390
sub-99,2.68,2.491,2.725,1.922,3.214,2.927,2.766,2.907,2.391,2.299,2.732,2.132,2.536,3.153,2.545,2.76,2.883,2.613,2.615,1.519,2.315,2.544,2.815,2.511,3.018,2.513,2.917,2.346,2.992,2.757,3.31,3.181,2.587,3.197,2.767,2.536,2.467,1.917,2.845,2.897,2.723,2.833,2.366,2.408,2.386,2.121,2.628,2.954,2.972,2.44,2.839,2.668,2.604,1.904,2.27,2.532,2.786,2.548,2.96,2.398,2.704,2.386,2.997,2.82,2.805,3.18,2.683,3.209,2.66265,2.60303,102807,102838,1600500
sub-100,2.655,2.725,2.614,2.081,3.477,2.782,2.36,2.79,2.462,2.276,2.672,2.3,2.531,2.922,2.867,2.356,2.639,2.858,2.549,1.815,2.181,2.485,2.64,2.386,3.081,2.416,2.712,2.164,2.848,2.621,2.537,3.207,2.593,3.16,2.923,2.513,2.591,2.113,3.869,2.898,2.627,2.975,2.39,2.337,2.903,2.249,2.537,3.032,2.88,2.471,2.809,3.142,2.717,1.871,2.143,2.712,2.615,2.416,2.863,2.369,2.723,2.226,2.946,2.706,2.844,3.604,2.759,3.106,2.54224,2.59639,84645.4,84466.4,1408510
sub-101,2.594,2.639,2.501,1.955,3.24,2.758,2.442,2.645,2.437,2.274,2.579,2.032,2.468,2.874,2.957,2.509,2.502,2.684,2.461,1.778,2.207,2.447,2.594,2.434,2.847,2.323,2.681,2.319,2.894,2.556,2.724,3.501,2.315,2.971,2.76,2.482,2.513,1.983,3.444,2.765,2.54,2.744,2.684,2.242,2.553,2.064,2.221,2.943,2.957,2.514,2.595,2.483,2.486,1.871,2.191,2.44,2.652,2.467,2.898,2.336,2.647,2.31,2.963,2.627,2.696,3.37,2.43,2.93,2.50037,2.50477,95866.7,97123,1590130
sub-102,2.707,2.896,2.499,1.881,3.659,2.824,2.595,2.946,2.4,2.27,2.487,2.105,2.325,2.935,2.697,2.402,2.508,2.529,2.405,1.797,2.2,2.687,2.605,2.599,2.915,2.292,2.584,2.435,2.974,2.709,2.565,3.157,2.501,3.013,2.673,2.28,2.452,1.912,3.69,2.647,2.638,2.915,2.504,2.475,2.578,2.027,2.308,2.927,2.848,2.492,2.568,2.408,2.501,1.644,2.141,2.434,2.592,2.554,2.591,2.248,2.542,2.392,2.935,2.612,2.585,3.388,2.319,2.971,2.54195,2.51652,91763.5,92645.1,1512890
sub-103,2.561,2.273,2.244,2.247,2.887,2.778,2.556,2.575,2.276,2.361,2.507,2.356,2.618,2.677,3.075,2.315,2.425,2.599,2.269,1.899,2.142,2.366,2.482,2.469,2.615,2.239,2.459,2.211,2.642,2.463,2.844,2.749,2.466,2.897,2.48,2.275,2.298,2.181,2.863,2.612,2.539,2.619,2.338,2.303,2.312,2.46,2.418,2.581,2.808,2.387,2.366,2.474,2.306,2.035,2.252,2.22,2.348,2.494,2.21,2.287,2.429,2.262,2.646,2.402,2.359,3.035,2.127,2.791,2.44438,2.41971,92716.6,94008.1,1780520
sub-104,2.514,2.843,2.594,2.006,2.782,2.745,2.602,2.673,2.385,2.301,2.514,2.181,2.254,2.819,2.846,2.602,2.55,2.642,2.505,1.822,2.247,2.437,2.656,2.541,2.899,2.277,2.719,2.349,2.909,2.638,2.71,2.881,2.709,2.929,2.577,2.566,2.699,2.001,3.647,2.723,2.592,2.646,2.301,2.359,2.544,2.079,2.374,2.692,3.179,2.684,2.776,2.722,2.578,1.771,2.28,2.461,2.711,2.526,2.843,2.397,2.732,2.293,2.825,2.657,2.16,2.892,2.701,3.013,2.52296,2.53559,83275.6,84097.5,1227540
sub-105,2.539,2.49,2.332,1.867,3.545,2.754,2.484,2.907,2.23,2.179,2.585,1.974,2.274,2.879,2.771,2.366,2.476,2.587,2.32,1.625,2.072,2.404,2.438,2.391,2.525,2.295,2.573,2.169,2.835,2.538,2.668,2.917,2.512,2.97,2.568,2.46,2.237,2.076,3.041,2.764,2.464,2.562,2.128,2.343,2.337,1.954,2.212,2.797,2.808,2.387,2.467,2.737,2.395,1.616,2.098,2.276,2.375,2.327,2.6,2.14,2.515,2.149,2.852,2.453,2.536,3.497,2.617,3.097,2.4603,2.40554,93084.6,92436.5,1481180
sub-106,2.641,2.886,2.391,1.893,3.294,2.833,2.509,2.745,2.326,2.391,2.633,2.199,2.507,2.95,3.264,2.393,2.573,2.566,2.389,1.821,2.281,2.648,2.641,2.378,2.861,2.321,2.625,2.333,2.921,2.568,2.315,3.367,2.552,3.174,2.623,2.553,2.542,2.004,3.424,2.91,2.517,2.902,2.493,2.372,2.606,2.263,2.496,2.927,3.293,2.439,2.725,2.741,2.416,1.882,2.222,2.571,2.623,2.456,2.842,2.286,2.567,2.314,2.978,2.656,3.068,3.588,2.447,3.137,2.54786,2.56981,97978.6,100823,1755440
sub-107,2.702,2.561,2.642,2.069,3.298,2.812,2.588,2.819,2.324,2.415,2.781,2.266,2.553,2.976,2.779,2.251,2.695,2.736,2.629,1.837,2.609,2.458,2.356,2.463,3.012,2.552,2.737,2.368,3.057,2.696,2.977,3.674,2.905,3.115,2.797,2.614,2.651,1.939,3.907,2.95,2.61,2.805,2.435,2.472,2.493,2.284,2.662,3.042,2.481,2.551,3.047,2.823,2.65,1.94,2.259,2.782,2.68,2.55,3.236,2.506,2.856,2.25,3.125,2.656,2.717,4.213,2.691,3.138,2.62368,2.63563,87257.9,88404,1531690
sub-108,2.418,2.91,2.645,1.96,3.006,2.747,2.536,2.698,2.465,2.198,2.595,2.206,2.592,2.86,2.964,2.478,2.628,2.754,2.567,1.668,2.245,2.399,2.68,2.515,2.931,2.395,2.781,2.325,2.799,2.525,2.608,3.768,2.422,2.979,2.602,2.316,2.634,2.01,3.376,2.806,2.527,2.908,2.295,2.338,2.586,2.158,2.458,2.826,3.015,2.436,2.664,2.934,2.498,1.715,2.156,2.282,2.545,2.518,2.447,2.408,2.73,2.279,2.917,2.656,2.693,3.511,2.573,2.853,2.53394,2.52726,98659.4,98899.6,1700350
sub-109,2.605,2.72,2.516,2.019,3.461,2.798,2.536,2.906,2.096,2.404,2.689,2.222,2.496,3.009,2.658,2.412,2.643,2.746,2.63,1.966,2.169,2.334,2.572,2.427,2.824,2.359,2.635,2.324,2.864,2.548,2.519,3.593,2.64,2.938,2.708,2.252,2.546,2.085,3.672,2.798,2.557,2.902,2.291,2.362,2.74,2.299,2.372,3.089,2.666,2.434,2.664,2.956,2.689,1.897,2.024,2.278,2.652,2.531,2.684,2.36,2.654,2.257,2.963,2.506,2.523,3.566,2.432,2.773,2.5493,2.55241,101445,101345,1858850
sub-110,2.757,3.045,2.759,2.143,3.432,2.801,2.466,2.804,2.528,2.284,2.625,2.37,2.495,2.835,3.162,2.464,2.663,2.897,2.637,2.015,2.333,2.705,2.776,2.536,2.913,2.467,2.807,2.368,2.885,2.613,2.83,3.619,2.577,2.985,3.061,2.853,2.62,2.04,3.406,2.906,2.74,2.865,2.461,2.449,2.548,2.296,2.422,2.981,2.987,2.642,2.785,2.713,2.69,1.951,2.266,2.497,2.715,2.454,2.964,2.324,2.64,2.453,2.982,2.758,2.656,3.252,2.476,2.909,2.61205,2.62273,100762,100716,1484490
sub-111,2.419,2.723,2.572,1.776,3.536,2.751,2.332,2.648,2.524,2.199,2.597,2.244,2.569,2.803,2.954,2.418,2.534,2.401,2.464,1.817,2.131,2.375,2.642,2.265,3.16,2.377,2.56,2.132,2.71,2.542,2.708,3.79,2.518,3.177,2.702,2.762,2.63,1.848,3.531,2.8,2.494,2.882,2.543,2.397,2.664,2.162,2.47,3.006,2.758,2.482,2.632,2.678,2.543,1.698,2.148,2.552,2.563,2.326,2.757,2.38,2.622,2.186,2.861,2.635,2.709,3.906,2.403,3.156,2.46652,2.52543,79463.9,78965.7,1383980
sub-112,2.475,2.692,2.46,1.996,3.624,2.881,2.417,2.958,2.325,2.487,2.75,2.255,2.363,2.802,3.157,2.487,2.561,2.729,2.537,1.823,2.216,2.541,2.641,2.41,2.881,2.366,2.679,2.299,2.932,2.646,2.577,3.821,2.501,2.996,2.677,2.563,2.526,2.068,3.256,2.908,2.561,3.01,2.193,2.481,2.794,2.255,2.505,2.955,2.98,2.52,2.655,2.894,2.49,1.854,2.131,2.386,2.636,2.344,3.029,2.304,2.637,2.274,3.03,2.569,2.742,3.845,2.683,3.155,2.56182,2.57164,84850.8,84154.5,1407250
sub-113,2.704,2.72,2.623,2.11,3.278,2.71,2.478,2.837,2.276,2.359,2.709,2.241,2.453,2.932,2.768,2.418,2.589,2.731,2.351,1.963,2.159,2.356,2.635,2.419,2.841,2.367,2.618,2.253,2.689,2.543,2.43,3.484,2.637,2.777,2.616,2.354,2.426,2.008,3.573,2.876,2.56,2.911,2.229,2.378,2.724,2.213,2.359,2.923,3.262,2.45,2.527,2.731,2.4,1.838,2.219,2.394,2.56,2.406,2.441,2.368,2.563,2.257,2.825,2.554,2.747,3.782,2.548,2.958,2.51411,2.5203,90499.8,90928.2,1650160
sub-114,2.548,2.641,2.569,2.068,3.364,2.899,2.4,2.961,2.09,2.381,2.819,2.259,2.422,2.928,2.508,2.493,2.595,2.914,2.417,1.886,2.223,2.589,2.666,2.579,3.052,2.39,2.725,2.281,3.144,2.607,2.751,3.579,2.878,3.109,2.553,2.473,2.559,2.054,3.638,2.926,2.461,2.944,2.174,2.471,2.774,2.363,2.451,2.999,2.64,2.37,2.859,2.8,2.477,1.898,2.214,2.455,2.609,2.386,2.805,2.37,2.682,2.203,3.143,2.724,2.701,3.795,2.664,3.179,2.59322,2.57779,88503.5,87329.9,1508990
sub-115,2.581,2.935,2.538,2.006,3.198,2.764,2.425,2.624,2.379,2.271,2.57,2.297,2.527,2.866,3.221,2.303,2.62,2.693,2.478,1.982,2.082,2.464,2.53,2.41,2.864,2.359,2.641,2.233,2.874,2.62,2.657,3.881,2.554,2.861,2.572,2.494,2.479,2.209,3.439,2.895,2.51,2.732,2.318,2.381,2.563,2.194,2.312,2.929,3.251,2.205,2.833,2.68,2.568,1.991,2.093,2.397,2.523,2.458,2.629,2.306,2.515,2.184,2.889,2.571,2.494,4.12,2.172,3.042,2.49689,2.49619,85093,85835.1,1413250
sub-116,2.585,2.458,2.537,1.97,3.108,2.734,2.433,2.615,2.341,2.349,2.57,2.136,2.304,2.788,3.072,2.363,2.52,2.569,2.535,1.924,2.165,2.26,2.556,2.403,2.621,2.368,2.581,2.285,2.758,2.504,2.648,2.786,2.532,2.924,2.643,2.423,2.544,2.109,3.336,2.63,2.404,2.816,2.475,2.382,2.691,2.189,2.379,2.804,2.771,2.567,2.725,2.73,2.728,1.918,2.129,2.305,2.595,2.469,2.898,2.365,2.547,2.244,2.893,2.482,2.739,3.568,2.744,3.133,2.47585,2.51484,79339.5,78456.7,1390660
sub-117,2.328,2.707,2.41,1.947,2.704,2.697,2.335,2.594,2.273,2.224,2.642,2.21,2.488,2.681,3.035,2.267,2.529,2.71,2.45,1.744,2.094,2.467,2.498,2.413,2.734,2.417,2.52,2.128,2.798,2.426,2.866,2.797,2.165,2.974,2.569,2.594,2.364,1.92,3.528,2.86,2.425,2.75,2.511,2.228,2.507,2.242,2.385,2.867,2.613,2.226,2.444,2.496,2.278,1.779,2.052,2.596,2.437,2.317,2.727,2.256,2.521,2.099,2.797,2.566,2.89,3.381,2.575,3.054,2.43252,2.43048,86802.8,86655.2,1379520
sub-118,2.458,2.53,2.527,2.04,3.116,2.765,2.497,2.82,2.246,2.34,2.668,2.13,2.485,2.918,2.96,2.488,2.625,2.604,2.365,1.913,2.133,2.429,2.678,2.431,2.982,2.349,2.73,2.304,2.841,2.528,2.568,3.312,2.586,3.033,2.676,2.482,2.461,2.059,3.032,2.829,2.538,2.891,2.268,2.425,2.615,2.234,2.446,2.872,2.692,2.427,2.595,2.751,2.436,1.931,2.166,2.427,2.587,2.351,2.553,2.395,2.642,2.281,2.901,2.577,2.42,3.62,2.558,2.944,2.53556,2.52437,89110.9,89501.4,1509450
sub-119,2.414,2.919,2.592,2.483,3.038,2.905,2.5,2.879,2.571,2.342,2.751,2.357,2.63,2.974,3.14,2.506,2.595,2.795,2.741,2.024,2.32,2.763,2.665,2.511,2.936,2.477,2.841,2.35,3.137,2.748,3.054,3.706,2.785,3.084,2.637,2.554,2.593,2.317,3.379,2.892,2.548,2.9,2.545,2.421,2.723,2.315,2.44,2.906,3.125,2.491,2.668,2.924,2.612,1.954,2.269,2.618,2.698,2.466,2.954,2.493,2.673,2.257,3.009,2.684,3.092,3.881,2.599,3.123,2.64873,2.6104,82800.2,81280.3,1325810
sub-120,2.527,2.644,2.444,1.823,2.871,2.474,2.388,2.396,2.314,2.109,2.446,2.137,2.415,2.616,2.708,2.208,2.585,2.387,2.284,1.845,2.07,2.595,2.553,2.315,2.511,2.339,2.6,2.146,2.629,2.456,2.508,2.688,2.602,2.896,2.579,2.628,2.371,1.916,3.074,2.574,2.414,2.564,2.254,2.079,2.381,2.167,2.341,2.763,2.675,2.369,2.436,2.558,2.322,1.798,1.953,2.457,2.407,2.406,2.795,2.308,2.593,2.136,2.579,2.496,2.401,3.199,2.406,2.719,2.38494,2.38141,104016,105358,1716380
sub-121,2.913,3.096,2.671,2.107,3.532,2.968,2.673,3.162,2.622,2.571,2.915,2.4,2.542,3.217,2.932,2.543,2.924,3.132,2.853,1.897,2.472,2.819,2.745,2.538,3.199,2.565,2.869,2.471,3.312,2.754,3.063,3.664,2.81,3.34,2.934,3.066,2.589,2.16,4.024,2.968,2.736,2.949,2.743,2.618,2.797,2.424,2.609,3.096,2.876,2.587,2.874,3.028,2.656,1.878,2.435,2.669,2.725,2.545,3.189,2.467,2.779,2.339,3.131,2.767,3.101,3.896,2.757,3.316,2.76388,2.71154,81347.2,82207.8,1448690
sub-122,2.495,2.631,2.662,2.102,3.491,2.765,2.539,2.815,2.106,2.333,2.567,2.273,2.479,2.982,2.857,2.637,2.686,2.648,2.53,1.915,2.195,2.442,2.758,2.453,2.628,2.455,2.799,2.348,2.865,2.631,2.488,3.79,2.631,3.098,2.524,2.171,2.625,2.14,3.545,2.679,2.556,2.701,2.321,2.347,2.683,2.092,2.488,3.056,2.914,2.641,2.815,2.66,2.581,1.958,2.278,2.262,2.713,2.399,2.755,2.409,2.699,2.316,2.897,2.648,2.705,3.945,2.513,2.7,2.5679,2.53783,89744.3,89292.8,1578900
sub-123,2.684,2.899,2.626,2.096,3.477,2.754,2.482,2.759,2.28,2.273,2.804,2.125,2.681,2.9,3.12,2.4,2.646,2.608,2.601,2.081,2.157,2.597,2.705,2.546,2.784,2.413,2.721,2.335,3.016,2.701,3.122,3.58,2.744,2.769,2.808,2.45,2.62,2.175,3.792,2.718,2.687,2.88,2.334,2.438,2.625,2.129,2.511,3.001,2.851,2.467,2.837,2.772,2.603,2.162,2.32,2.448,2.693,2.472,2.773,2.473,2.708,2.448,3.1,2.772,2.692,3.108,2.742,2.971,2.57803,2.6181,82198.5,81751.9,1489970
sub-124,2.554,2.644,2.548,1.841,3.465,2.783,2.502,2.72,2.458,2.271,2.651,2.212,2.496,2.937,2.687,2.37,2.645,2.811,2.439,1.753,2.157,2.437,2.695,2.479,2.767,2.341,2.712,2.294,2.747,2.513,2.819,3.58,2.335,3.041,2.598,2.44,2.565,1.985,3.133,2.785,2.53,2.7,2.335,2.362,2.571,2.263,2.375,2.741,2.694,2.504,2.838,2.817,2.509,1.638,2.177,2.32,2.725,2.516,2.65,2.303,2.667,2.305,2.826,2.583,2.43,3.538,2.682,3.058,2.52442,2.52376,96543.5,96798.2,1684550
sub-125,2.666,2.501,2.531,2.01,3.36,2.855,2.428,2.79,2.362,2.253,2.584,2.222,2.452,2.884,3.145,2.418,2.626,2.634,2.529,1.881,2.154,2.392,2.598,2.426,2.957,2.341,2.568,2.24,2.868,2.464,2.807,3.58,2.396,2.747,2.612,2.443,2.479,1.975,3.745,2.811,2.502,2.798,2.459,2.368,2.64,2.188,2.401,2.982,2.89,2.463,2.588,2.706,2.568,1.857,2.255,2.366,2.605,2.452,2.727,2.343,2.568,2.244,2.772,2.527,2.802,3.504,2.482,2.835,2.49776,2.51218,89036.9,89385.8,1624390
sub-126,2.622,2.371,2.463,1.949,3.331,2.745,2.404,2.736,2.189,2.193,2.548,2.197,2.444,2.963,2.548,2.324,2.519,2.695,2.314,1.857,2.166,2.377,2.589,2.352,2.99,2.309,2.631,2.24,2.746,2.659,2.609,3.479,2.366,3.139,2.645,2.365,2.48,1.96,3.734,2.829,2.555,2.763,2.226,2.432,2.366,2.084,2.402,2.853,2.804,2.381,2.545,2.57,2.458,1.777,2,2.207,2.582,2.355,2.823,2.277,2.531,2.166,2.757,2.597,2.644,4.014,2.551,3.04,2.491,2.47298,87946.3,88893.7,1413480
sub-127,2.607,2.445,2.522,2.113,3.54,2.812,2.484,2.85,2.697,2.386,2.733,2.097,2.57,2.952,2.709,2.426,2.556,2.704,2.495,1.739,2.105,2.603,2.56,2.472,2.855,2.355,2.712,2.264,2.895,2.511,2.818,3.609,2.753,3.158,2.547,2.531,2.537,2.224,3.39,2.865,2.625,2.862,2.379,2.392,2.724,2.169,2.572,2.8,2.482,2.376,2.553,2.854,2.357,1.732,2.173,2.444,2.528,2.477,2.757,2.319,2.643,2.325,2.96,2.579,2.785,3.629,2.716,2.921,2.54629,2.53971,94595.8,95168.3,1587880
sub-128,2.58,2.516,2.451,2.009,2.982,2.894,2.454,2.778,2.528,2.206,2.667,2.135,2.593,2.911,2.866,2.353,2.608,2.741,2.528,1.789,2.161,2.262,2.551,2.259,3.037,2.414,2.672,2.18,2.76,2.459,2.506,3.305,2.748,2.815,2.635,2.425,2.516,1.905,3.509,2.918,2.481,2.942,2.452,2.26,2.478,2.161,2.446,2.962,2.817,2.331,2.666,2.865,2.576,1.674,2.161,2.399,2.496,2.407,2.655,2.375,2.62,2.209,2.952,2.639,2.661,3.611,2.597,2.964,2.48869,2.51094,88294,87783.8,1417910
sub-129,2.945,2.708,2.627,2.252,3.15,2.938,2.78,3.053,2.391,2.436,2.82,2.207,2.542,3.054,3.164,2.742,2.629,2.985,2.602,1.98,2.219,2.715,2.646,2.629,3.023,2.487,2.887,2.49,2.919,2.799,3.051,3.133,2.273,2.967,2.701,2.67,2.45,2.321,3.333,3.062,2.734,2.993,2.341,2.66,2.795,2.27,2.619,3.257,3.147,2.559,2.792,2.875,2.663,1.936,2.145,2.532,2.409,2.641,2.935,2.492,2.792,2.363,3.022,2.808,3.242,3.155,2.448,2.915,2.66865,2.65407,85790,85370.9,1455690
sub-130,2.444,2.608,2.473,2.032,3.46,2.606,2.467,2.656,2.206,2.249,2.436,2.047,2.368,2.718,2.794,2.377,2.49,2.77,2.287,1.727,2.031,2.261,2.589,2.391,2.693,2.311,2.637,2.281,2.696,2.448,2.415,3.065,2.487,2.674,2.532,2.553,2.561,1.914,3.455,2.779,2.493,2.638,2.189,2.362,2.575,2.077,2.237,2.821,2.582,2.343,2.592,2.657,2.44,1.609,2.025,2.438,2.643,2.344,2.659,2.318,2.653,2.225,2.84,2.514,2.512,3.082,2.34,3.008,2.43303,2.46457,97651.6,97651.1,1732720
sub-131,2.333,2.945,2.485,1.927,3.721,2.718,2.299,2.634,2.529,2.195,2.641,2.186,2.515,2.871,3.161,2.264,2.556,2.514,2.427,1.635,2.055,2.401,2.503,2.4,3.087,2.394,2.714,2.173,2.847,2.495,3.031,3.784,2.517,3.088,2.457,2.362,2.481,1.953,3.55,2.719,2.378,2.939,2.554,2.379,2.642,2.042,2.462,2.781,2.753,2.488,2.556,2.767,2.718,1.785,2.103,2.491,2.407,2.453,2.864,2.439,2.665,2.122,2.882,2.481,2.462,3.837,2.406,3.035,2.49104,2.48528,92151.7,93354.6,1507870
sub-132,2.694,2.973,2.597,2.001,3.796,2.816,2.478,2.775,2.38,2.284,2.623,2.333,2.485,3.096,3.212,2.586,2.584,2.629,2.576,2.041,2.306,2.501,2.803,2.513,3.201,2.431,2.697,2.375,3.027,2.762,2.812,3.905,2.449,3.131,2.782,2.485,2.519,2.131,3.826,2.771,2.606,2.922,2.241,2.429,2.728,2.376,2.409,3.158,3.064,2.49,2.61,2.755,2.473,2.057,2.281,2.376,2.753,2.581,2.646,2.373,2.661,2.38,3.077,2.804,2.699,3.844,2.428,2.982,2.6228,2.62054,83343.8,85094.4,1486810
sub-133,2.507,2.638,2.528,1.99,3.635,2.796,2.507,2.856,2.556,2.243,2.726,2.217,2.524,2.879,2.726,2.473,2.815,2.844,2.657,1.781,2.213,2.518,2.636,2.564,2.803,2.529,2.714,2.263,3.025,2.593,2.645,3.8,2.517,2.935,2.855,2.433,2.547,2.06,3.415,2.948,2.488,2.845,2.243,2.444,2.576,2.274,2.306,3.029,2.914,2.389,2.636,2.756,2.602,1.744,2.13,2.442,2.677,2.426,2.542,2.36,2.535,2.251,3.043,2.578,2.628,3.895,2.411,3.033,2.56606,2.53249,100244,99140.7,1655250
sub-134,2.667,2.775,2.397,2.006,3.454,2.725,2.524,2.811,2.403,2.301,2.618,2.15,2.493,2.981,3.177,2.356,2.681,2.504,2.44,1.891,2.112,2.512,2.532,2.394,2.779,2.345,2.582,2.211,3.033,2.595,2.733,3.734,2.623,2.755,2.679,2.876,2.297,2.024,3.777,2.835,2.459,2.795,2.395,2.406,2.686,2.177,2.464,2.921,3.182,2.282,2.672,2.623,2.505,1.785,2.085,2.441,2.456,2.407,2.811,2.319,2.532,2.192,2.969,2.599,2.7,3.582,2.542,3.2,2.5162,2.51235,89222.5,90268.7,1425630
sub-135,2.487,2.508,2.532,1.691,3.15,2.656,2.461,2.918,2.252,2.255,2.804,1.885,2.555,2.94,2.411,2.436,2.58,2.809,2.483,1.586,2.21,2.521,2.558,2.477,2.79,2.413,2.718,2.262,2.826,2.368,2.943,3.588,2.281,3.009,2.557,2.367,2.435,1.907,3.225,2.711,2.47,2.788,2.253,2.387,2.55,1.743,2.466,2.942,2.355,2.487,2.746,2.715,2.415,1.444,2.14,2.416,2.511,2.472,2.671,2.326,2.59,2.217,2.786,2.507,2.332,3.518,2.329,2.983,2.52376,2.4832,97320.8,97796.5,1538820
sub-136,2.555,2.578,2.549,2.015,3.455,2.809,2.499,2.797,2.282,2.363,2.727,2.185,2.697,3.001,2.973,2.516,2.64,2.863,2.627,1.737,2.189,2.311,2.677,2.554,3.007,2.5,2.802,2.358,2.95,2.569,2.89,4.158,2.402,3.003,2.772,2.921,2.566,2.133,3.984,2.89,2.535,2.935,2.314,2.403,2.546,2.105,2.458,2.921,3,2.561,2.609,2.855,2.625,1.967,2.214,2.409,2.623,2.574,2.876,2.47,2.657,2.335,3.007,2.621,2.807,3.713,2.469,2.978,2.58561,2.58223,86794.2,86936.4,1403190
sub-137,2.823,2.732,2.824,1.887,3.934,2.929,2.672,3.07,2.43,2.457,2.965,2.003,2.659,2.945,2.757,2.619,2.79,2.969,2.745,1.8,2.431,2.371,2.819,2.523,2.914,2.632,2.822,2.359,3.225,2.738,2.918,3.794,2.855,3.172,2.885,2.64,2.83,1.999,4.055,2.914,2.707,2.836,2.596,2.453,2.869,2.138,2.552,3.141,3,2.732,2.668,3.184,2.669,1.904,2.344,2.483,2.788,2.567,2.932,2.62,2.805,2.427,3.267,2.882,3.028,4.443,2.682,2.97,2.70353,2.70149,83688.3,84012.3,1517800
sub-138,2.453,2.745,2.493,2.182,3.085,2.797,2.483,2.689,2.281,2.293,2.69,2.307,2.579,2.746,2.653,2.46,2.574,2.783,2.53,2.001,2.157,2.307,2.671,2.363,2.877,2.448,2.659,2.28,2.707,2.518,2.566,3.414,2.572,3.073,2.522,2.6,2.582,2.173,3.502,2.735,2.517,2.905,2.235,2.438,2.564,2.214,2.468,2.969,2.707,2.374,2.759,2.807,2.544,1.949,2.119,2.472,2.591,2.437,2.875,2.397,2.608,2.231,2.817,2.604,2.589,3.662,2.624,3.067,2.52241,2.53372,84446.1,84130.8,1403760
sub-139,2.707,3.061,2.659,2.05,3.286,2.857,2.574,2.782,2.389,2.413,2.758,2.223,2.662,3.046,3.021,2.467,2.864,2.693,2.742,1.734,2.326,2.673,2.843,2.414,3.012,2.654,2.94,2.335,3.108,2.62,2.834,3.261,2.704,3.01,2.916,2.393,2.663,2.282,3.745,3.104,2.553,3.011,2.628,2.499,2.798,2.236,2.599,3.144,2.974,2.601,2.859,2.978,2.832,1.928,2.264,2.527,2.878,2.394,2.912,2.672,3.025,2.368,3.256,2.634,2.702,3.434,2.769,3.013,2.64473,2.69664,90041.5,90573.3,1583990
sub-140,2.605,2.62,2.639,1.993,3.676,2.788,2.556,2.82,2.288,2.406,2.753,2.15,2.432,2.836,3.027,2.523,2.664,2.843,2.53,1.878,2.296,2.451,2.675,2.434,2.631,2.462,2.72,2.234,2.918,2.575,2.571,3.599,2.666,2.897,2.751,2.289,2.609,2.059,3.495,2.771,2.538,2.813,2.347,2.336,2.594,2.283,2.373,2.921,2.865,2.487,2.49,2.751,2.49,1.903,2.277,2.37,2.512,2.398,2.624,2.306,2.66,2.227,2.947,2.59,2.58,3.705,2.544,2.591,2.57061,2.52088,83091.2,84350.1,1531300
sub-141,2.569,2.824,2.579,1.971,3.34,2.803,2.385,2.992,2.355,2.331,2.736,2.206,2.502,3.003,3.338,2.456,2.638,2.523,2.578,1.822,2.138,2.38,2.674,2.434,2.972,2.298,2.701,2.186,2.939,2.563,2.924,3.788,2.579,2.919,2.718,2.427,2.502,2.224,3.569,2.85,2.501,2.999,2.388,2.329,2.514,2.272,2.404,3.052,3.454,2.413,2.694,2.871,2.741,1.901,2.176,2.34,2.641,2.379,2.91,2.321,2.652,2.214,2.922,2.732,2.653,3.989,2.402,3.314,2.53381,2.56096,89090.8,89651.1,1590200
sub-142,2.357,2.625,2.636,2.121,3.805,2.679,2.462,2.818,2.417,2.238,2.588,2.226,2.589,2.856,3.035,2.359,2.627,2.9,2.361,1.772,2.069,2.447,2.618,2.385,2.897,2.407,2.641,2.091,2.851,2.558,2.647,3.11,2.434,3.002,2.866,2.664,2.593,1.937,3.846,2.71,2.501,2.732,2.405,2.352,2.399,2.177,2.529,2.878,3.12,2.418,2.622,2.657,2.555,1.888,2.101,2.395,2.516,2.387,2.679,2.354,2.589,2.142,3.048,2.587,2.758,3.59,2.646,2.992,2.50227,2.50111,86223.1,84857.8,1453360
sub-143,2.559,2.584,2.613,2.19,2.976,2.761,2.519,2.788,2.491,2.313,2.643,2.295,2.543,3.052,2.994,2.43,2.601,2.717,2.571,1.974,2.176,2.577,2.596,2.404,2.966,2.384,2.666,2.261,2.857,2.523,2.576,3.593,2.525,3.114,2.446,2.653,2.474,2.07,2.971,2.885,2.449,2.8,2.697,2.383,2.668,2.233,2.638,2.873,3.192,2.583,2.662,2.977,2.467,2.062,2.101,2.415,2.546,2.55,2.867,2.326,2.662,2.235,2.8,2.402,2.459,3.435,2.801,3.048,2.55438,2.52891,81656,81324.2,1329300
sub-144,2.434,2.738,2.419,1.933,4.251,2.804,2.391,2.879,2.55,2.22,2.69,2.124,2.515,2.905,2.825,2.368,2.627,2.756,2.427,1.908,2.234,2.544,2.57,2.333,2.797,2.401,2.623,2.119,2.898,2.473,2.783,3.797,2.517,2.859,2.693,2.554,2.582,2.092,4.238,2.833,2.501,2.843,2.395,2.323,2.732,2.218,2.321,2.966,2.937,2.459,2.806,2.728,2.489,1.997,2.167,2.472,2.556,2.377,2.709,2.382,2.637,2.198,2.895,2.605,2.583,3.559,2.552,3.088,2.48669,2.52945,89364.3,89039.5,1470140
sub-145,2.459,2.521,2.55,1.822,3.644,2.737,2.37,2.563,2.527,2.258,2.551,1.938,2.427,2.657,2.817,2.322,2.555,2.561,2.405,1.837,2.233,2.419,2.557,2.339,2.943,2.343,2.648,2.162,2.81,2.503,2.624,3.581,2.618,2.797,2.618,2.467,2.385,1.833,3.722,2.727,2.352,2.526,2.48,2.194,2.674,2.087,2.391,2.844,2.75,2.407,2.551,2.378,2.394,1.702,2.173,2.312,2.402,2.34,2.928,2.313,2.557,2.124,2.861,2.499,2.41,3.637,2.575,2.781,2.45217,2.42115,79887.7,81292.5,1284390
sub-146,2.689,2.743,2.557,1.997,3.583,2.866,2.664,2.827,2.436,2.483,2.777,2.155,2.523,3.045,2.866,2.343,2.732,2.778,2.527,1.714,2.178,2.499,2.686,2.549,2.879,2.389,2.734,2.377,2.999,2.649,2.814,3.863,2.872,3.246,2.689,2.474,2.505,2.093,3.821,2.999,2.592,2.948,2.432,2.496,2.67,2.08,2.619,3.098,2.96,2.489,2.815,3.103,2.644,1.865,2.08,2.438,2.633,2.469,3.048,2.31,2.676,2.352,3.026,2.601,2.621,3.994,2.524,3.287,2.60608,2.58658,91522.6,92956,1657810