SUBJID,L_bankssts_surfavg,L_caudalanteriorcingulate_surfavg,L_caudalmiddlefrontal_surfavg,L_cuneus_surfavg,L_entorhinal_surfavg,L_fusiform_surfavg,L_inferiorparietal_surfavg,L_inferiortemporal_surfavg,L_isthmuscingulate_surfavg,L_lateraloccipital_surfavg,L_lateralorbitofrontal_surfavg,L_lingual_surfavg,L_medialorbitofrontal_surfavg,L_middletemporal_surfavg,L_parahippocampal_surfavg,L_paracentral_surfavg,L_parsopercularis_surfavg,L_parsorbitalis_surfavg,L_parstriangularis_surfavg,L_pericalcarine_surfavg,L_postcentral_surfavg,L_posteriorcingulate_surfavg,L_precentral_surfavg,L_precuneus_surfavg,L_rostralanteriorcingulate_surfavg,L_rostralmiddlefrontal_surfavg,L_superiorfrontal_surfavg,L_superiorparietal_surfavg,L_superiortemporal_surfavg,L_supramarginal_surfavg,L_frontalpole_surfavg,L_temporalpole_surfavg,L_transversetemporal_surfavg,L_insula_surfavg,R_bankssts_surfavg,R_caudalanteriorcingulate_surfavg,R_caudalmiddlefrontal_surfavg,R_cuneus_surfavg,R_entorhinal_surfavg,R_fusiform_surfavg,R_inferiorparietal_surfavg,R_inferiortemporal_surfavg,R_isthmuscingulate_surfavg,R_lateraloccipital_surfavg,R_lateralorbitofrontal_surfavg,R_lingual_surfavg,R_medialorbitofrontal_surfavg,R_middletemporal_surfavg,R_parahippocampal_surfavg,R_paracentral_surfavg,R_parsopercularis_surfavg,R_parsorbitalis_surfavg,R_parstriangularis_surfavg,R_pericalcarine_surfavg,R_postcentral_surfavg,R_posteriorcingulate_surfavg,R_precentral_surfavg,R_precuneus_surfavg,R_rostralanteriorcingulate_surfavg,R_rostralmiddlefrontal_surfavg,R_superiorfrontal_surfavg,R_superiorparietal_surfavg,R_superiortemporal_surfavg,R_supramarginal_surfavg,R_frontalpole_surfavg,R_temporalpole_surfavg,R_transversetemporal_surfavg,R_insula_surfavg,LThickness,RThickness,LSurfArea,RSurfArea,ICV
sub-02,946,515,2131,1473,423,3070,4195,2885,1207,5113,2876,3304,2027,3546,626,1274,2048,815,1565,1482,4132,1226,5563,3959,843,5856,7397,5987,4722,3825,268,389,541,2501,954,470,2013,1549,366,3192,5461,3484,982,5413,2562,3205,2104,3370,686,1422,1305,931,1744,1518,4163,1003,5375,4181,679,6419,7684,5763,4235,3417,317,449,372,2360,2.45969,2.46148,88708.9,89130.1,1506700
sub-03,1121,550,2415,1878,680,3749,5533,4176,1041,6658,3257,3828,2209,3813,633,1588,2174,725,1481,1993,4418,1075,5169,4817,1011,7708,8422,6434,4768,4581,299,447,516,2702,1041,696,2368,2256,422,3508,6703,3686,889,7710,2851,3531,2309,3651,583,1686,1592,841,1620,2275,4247,1244,5353,4907,715,7944,8760,5720,4157,3342,318,500,406,2652,2.56305,2.54814,101737,100478,1608840
sub-04,925,821,2154,1623,395,3122,4444,3694,1029,5532,2837,3294,1714,3341,592,1478,1565,735,1367,1422,4408,1380,4759,3996,996,6203,7926,5314,4405,4292,285,523,526,2165,913,721,1986,1782,330,2972,5692,3327,1002,5150,2755,3580,1949,3379,554,1607,1154,892,1484,1401,4046,1333,4973,4242,590,6639,7252,5713,3678,3430,335,457,322,2175,2.57933,2.56836,89263,87801.9,1476610
sub-05,1045,610,2257,2034,413,2921,4485,3799,1156,5749,2728,3685,1508,3311,598,1259,1985,689,1488,1950,4201,1132,5216,4518,971,6040,7167,6012,3728,3345,225,411,426,2853,1014,770,2634,2153,346,2926,5743,3192,1067,5750,3022,3763,1913,3275,629,1486,1446,798,1539,2191,4076,1342,5078,4083,661,5699,7055,5707,3498,3213,298,420,273,2276,2.63303,2.56694,89868.5,89333.3,1632500
sub-07,1033,694,2209,1620,311,3282,4705,3213,1195,5235,2729,3432,1723,3747,733,1273,1764,660,1750,1540,4051,1450,4392,4806,1096,6517,7022,5692,4480,5233,252,411,471,2675,972,887,1963,1729,355,3269,6175,4370,1211,4754,2583,2993,1883,3834,646,1451,1507,862,1986,1393,3912,1613,4746,4519,580,6940,6900,5237,4175,4037,370,540,344,2687,2.6029,2.57839,91375.8,91326.3,1571870
sub-08,1051,512,2023,1394,526,3136,4179,3574,1045,4704,2357,2951,1726,3375,701,1401,1321,648,1172,1472,3800,1124,4806,3491,693,4968,6481,4837,3626,3755,206,484,383,2015,971,555,1864,1530,383,3003,5224,3024,865,4205,2314,3157,1839,3246,647,1422,1178,740,1146,1486,3839,1140,4850,3768,457,5082,6473,4862,3445,3490,255,475,325,1935,2.54268,2.51719,79929.3,79161.4,1358020
sub-09,808,513,1685,1290,341,2487,3422,2766,796,3319,2398,2733,1584,2205,642,1150,1555,551,1177,1218,3582,827,3918,3369,725,4395,5694,4890,3272,3445,211,409,336,2119,721,519,1655,1206,350,2463,3937,2509,734,3971,2173,2879,1596,2612,549,1263,996,795,1232,1185,3581,829,4007,3535,450,5113,5408,4828,2682,3208,245,396,258,2145,2.66289,2.63475,69822.9,70030.3,1247250
sub-10,846,531,2144,1292,466,3159,4076,3346,1092,4409,2819,2911,1605,3118,738,1251,1764,772,1427,1185,4228,1159,4607,3817,622,6039,6935,5960,3993,4031,263,451,502,2364,961,965,2039,1432,395,2873,5123,3005,993,4893,2475,3695,1836,3637,630,1284,1360,979,1438,1372,3968,1420,4868,3676,656,5890,5872,5793,3537,3282,316,460,337,1956,2.67905,2.6886,83915.5,83402.8,1467860
sub-11,1345,817,2245,1543,436,3796,6361,4098,1190,5622,3245,3491,2077,3697,770,1566,1728,889,1706,1533,4130,1417,4492,4677,942,7046,7318,5875,4371,4646,279,490,461,2927,1087,1399,2032,1822,370,3348,6435,3602,1066,5466,3245,3676,2222,3867,692,1768,1394,926,2040,1758,4089,1684,4505,4505,967,6663,7566,5921,4468,5025,343,396,423,2872,2.49901,2.48604,97069.7,97637.6,1701730
sub-13,878,579,2034,1579,443,3083,3876,2884,821,5229,2628,3282,1960,2766,641,1421,1657,543,1377,1538,3566,1144,4148,3115,794,5287,6979,4560,3991,4431,251,459,435,2331,793,586,2322,1562,368,3030,5492,3176,747,5601,2563,3084,1884,3267,593,1425,1306,698,1324,1496,3811,946,4789,3258,569,5330,6437,4809,3165,2770,236,428,281,2172,2.59086,2.56524,80707.9,80313.9,1417510
sub-14,1113,544,1877,1434,375,3316,5373,3631,1159,4950,2519,3114,1940,3174,696,1126,1639,551,1245,1459,3733,1075,4265,3980,783,6127,6265,5557,3529,4541,251,466,421,2470,883,651,1995,1728,258,2873,4606,3470,764,5460,2641,3273,1891,3817,734,1359,1575,695,1322,1743,4258,1158,4491,3880,527,6048,6623,5283,3519,4046,312,403,312,2206,2.60462,2.53012,84520.3,84787.5,1474200
sub-15,1108,641,2137,1547,432,3083,4655,3261,1064,5944,2937,3394,1725,3166,653,1283,1297,717,928,1361,3786,1140,4509,3869,817,4741,6831,5420,4533,3787,241,443,470,2062,973,708,2118,1664,372,2948,5771,3191,883,5781,2504,3484,1877,3240,557,1323,1248,683,1136,1694,3794,1177,4273,4093,497,5295,6492,6159,3681,3516,262,484,387,2309,2.64329,2.57439,83978.3,84564.7,1441660
sub-16,1182,640,2153,1775,539,3470,5166,3925,1191,6331,3085,3562,2486,3400,701,1534,1783,663,1464,1764,4190,1039,4650,3783,912,6354,7510,5148,4431,4709,279,383,519,2473,976,830,2297,1667,404,3251,5479,3807,1070,6043,3020,4247,2228,4079,747,1540,1600,907,1488,1728,4133,1466,4963,4340,745,5921,7222,5410,4355,4087,378,430,442,2863,2.549,2.55027,93188.2,94080.7,1708970
sub-17,1275,825,3213,1634,583,4038,4778,3146,1252,6243,2844,3106,1902,3233,702,1755,2054,740,1747,1262,4245,1530,5211,5439,1177,6413,8859,6463,5301,5984,281,484,1007,2989,812,973,2641,2315,486,3952,6357,3708,1053,7250,2219,3671,2248,3587,773,1587,1859,790,1879,1840,4675,1385,5280,5615,696,6747,8766,6001,4446,4242,388,511,508,2855,2.60338,2.56732,101561,102105,1764830
sub-18,1296,687,2735,1613,485,3551,5105,3974,1026,6078,2484,2924,1748,3678,615,1392,1539,698,1241,1277,3867,1175,5238,3414,783,7047,7242,5311,4399,5146,284,514,452,2260,991,608,2643,1750,424,3555,6565,3550,1025,5093,2334,3087,1805,3719,637,1407,1535,798,1447,1716,4100,1154,5161,4068,534,7147,7084,5233,3727,3997,359,464,356,2124,2.48401,2.46488,91274,90195.3,1620450
sub-19,934,628,2494,1103,512,3153,4549,3093,948,5017,2703,2858,1947,3020,616,1410,1323,774,1242,1113,4434,1312,4677,3875,966,5784,7253,5997,3574,3961,234,452,462,2441,924,627,2324,1509,496,3101,4594,3399,781,4487,2690,3109,1832,3243,599,1632,1139,748,1391,1446,4070,1188,4736,4586,672,5764,7954,5511,3427,3962,292,425,310,2260,2.46161,2.44011,84852.7,85216.5,1358450
sub-20,1262,743,2512,2230,320,3324,5644,3867,1555,6481,2416,3909,2140,4176,597,1269,2006,632,1484,2002,4577,1414,5420,4437,845,6688,7782,6146,4961,4657,312,381,496,2781,1012,675,2835,2236,388,3359,6709,3076,1205,6850,2789,3932,2112,3989,723,1644,1467,950,1396,1989,4671,1407,5428,4887,450,7332,8198,6546,4617,4047,287,440,421,2483,2.53379,2.48595,99399.6,100544,1713500
sub-21,1199,698,2696,1431,371,3212,5858,3333,1080,5597,2555,3674,1773,3821,699,1424,1840,711,1423,1361,4177,1288,5038,4560,904,5810,7944,5844,4286,4648,272,322,506,2239,973,786,1964,1788,330,3588,6074,3735,982,5755,2343,2798,1916,3792,701,1564,1231,851,1814,1513,3704,1395,4745,4687,527,6150,7942,5424,4247,3830,283,452,367,2178,2.5305,2.5933,92593,90428.8,1629750
sub-22,964,603,2112,1741,418,3207,5025,3433,1127,5857,2644,3596,1770,3454,685,1272,1724,709,1453,2019,3922,1146,5231,4200,793,5772,6696,4788,3524,3147,267,476,339,2174,1031,525,2015,1651,351,2885,5223,2912,1094,5417,2583,3989,1899,3284,712,1384,1134,863,1767,2026,3587,1092,5282,4040,461,5725,7000,5622,3287,3378,353,343,349,2159,2.62188,2.63445,86282.2,85415.7,1457620
sub-24,1144,590,3143,1343,501,3325,5555,3524,1281,5011,3412,3502,2191,3690,780,1581,2433,745,1481,1513,4671,1191,5486,4231,956,6626,9035,6631,4331,4636,252,481,536,2483,1026,930,2877,1768,382,3077,5916,3582,1337,4566,3237,3787,2243,4107,579,1417,1554,949,1435,1805,4403,1261,5943,4841,779,7219,8152,6590,3848,4159,331,412,432,2764,2.53016,2.57735,98284.9,97709.3,1684400
sub-25,1092,883,3094,1500,529,3280,5052,3435,926,5802,2824,3536,2243,3319,725,1715,1421,656,1198,1482,4208,1184,5977,4362,1004,5944,8310,6141,4555,4140,295,546,411,2458,922,1030,2363,1504,444,3129,5278,3641,1166,5014,2790,3409,2237,3997,595,1702,1347,917,1402,1457,4753,1474,5501,4326,700,6647,7932,5801,4153,4402,335,488,361,2552,2.5386,2.56952,94242.1,93760.1,1656240
sub-26,1067,646,1783,1891,362,2902,4417,3227,970,5617,2597,3254,1830,3469,629,1143,1713,667,1408,1684,4144,1005,4571,3591,865,6476,6708,5410,4134,3583,293,418,468,2380,668,610,1873,1703,294,2763,5307,3074,945,5016,2676,3688,1924,3592,641,1409,1534,903,1733,1922,3842,1316,4630,4050,601,6463,6239,5387,3845,3501,294,425,316,2242,2.53428,2.53761,85183.1,85420.3,1505280
sub-28,1274,894,2559,1625,364,3517,4652,3680,1340,5197,2678,3309,2137,3888,671,1459,2030,819,1693,1568,4818,1662,5723,4816,1037,8255,8112,5887,4454,5199,319,458,478,2886,977,790,2606,1711,407,3457,5791,3797,1001,6234,2770,3247,2048,3749,672,1847,1539,1133,1947,1872,4436,1509,5789,4618,726,8408,8297,5504,3952,4239,325,446,369,2858,2.48941,2.49073,99350.6,99069.6,1431470
sub-29,946,644,2041,1610,571,3463,3608,3110,907,5071,2948,3570,1963,2930,773,1342,1816,747,1393,1970,4032,984,4749,4030,738,5899,7410,5771,3856,3860,275,473,433,2205,971,827,2157,1718,427,3508,5133,3354,845,4791,2828,3737,2020,3190,569,1499,1240,930,1527,1914,3873,1336,4761,3810,651,5872,7195,5062,3856,3230,260,468,355,2249,2.55157,2.55118,86135.7,86150.2,1478850
sub-30,1179,586,1903,1470,417,3306,4948,3674,1036,4155,2678,3137,1884,3026,627,1480,1316,664,1100,1601,4406,1307,4717,4550,887,5133,6998,5536,3496,4225,227,444,347,2147,901,664,1355,1401,429,2969,6296,3160,881,4943,2699,2991,2054,3422,660,1424,1165,757,1441,1523,3790,1239,4157,4765,532,6159,6259,5971,3289,3531,301,464,305,2288,2.64352,2.63523,84604.6,84184.6,1494740
sub-31,1108,622,2254,1490,359,3127,5255,3588,1321,6110,3307,3650,2082,3652,680,1742,1920,1004,1582,1437,4965,1763,5798,4706,1130,6871,8673,6433,4511,5286,263,480,549,2889,1092,878,2293,1755,381,3418,7038,3675,1035,6006,2855,3103,2201,4069,657,1872,2069,1057,2130,1527,4132,1354,5396,5666,778,6515,7986,6373,3957,4003,380,495,341,2595,2.70529,2.67701,100602,99071.9,1609620
sub-32,1658,576,2884,1570,396,3870,6109,4364,1472,5392,3379,3666,2304,4612,767,1737,2008,884,1625,1531,5349,1396,5918,4853,1330,7401,9050,6708,4920,5990,280,386,615,2641,994,749,2733,1751,357,3769,6793,3727,1121,6202,3145,3833,2296,4717,845,2033,1943,1039,1929,1665,5110,1438,6239,4897,919,6870,8556,6150,4478,5409,307,447,387,2593,2.50472,2.5341,107631,105420,1754790
sub-33,1063,743,2465,1313,495,2915,4958,3063,1015,4885,2687,3482,1799,3385,710,1313,1549,720,1389,1488,4001,1169,4559,3666,932,5786,6991,6754,4721,4231,243,401,530,2515,962,559,2025,1717,463,3124,6027,3625,740,5102,2777,3492,1845,3646,663,1353,1421,897,1581,1687,4180,968,4811,3899,703,5940,6864,6455,3757,3556,283,409,396,2379,2.60322,2.59321,87931.8,88298.2,1559670
sub-34,881,669,2152,1347,395,3102,3272,3080,898,4322,2683,3703,1586,2887,738,1288,1487,702,1068,1366,4285,1235,4573,4121,826,5384,6902,5277,3632,4910,209,494,398,2492,933,752,2179,1520,382,3107,5035,3474,987,4362,2609,3503,1976,3610,781,1473,1239,861,1508,1596,3510,1077,4742,4251,574,5828,6066,5624,3237,3727,275,450,308,2003,2.41815,2.42641,82353.3,83544.9,1458800
sub-38,909,614,2669,1351,474,3069,4646,3415,1121,4733,2912,3034,1561,3471,624,1347,1700,749,1459,1335,4472,1182,5576,4118,976,5740,8126,5968,4123,4378,244,547,448,2728,902,959,2431,1587,463,3065,6288,3526,898,5033,2630,3139,1771,3775,563,1476,1539,867,1908,1478,3947,1466,5180,3998,748,5765,7139,5694,3593,3501,290,534,331,2340,2.51598,2.55415,89798.5,88815.7,1461750
sub-39,1006,629,2094,1280,393,2671,5291,3301,1019,4907,2623,2728,1312,3038,622,1220,1129,632,960,1093,4256,1377,4637,3672,630,4731,6476,5456,3167,3510,215,394,345,2295,954,533,1653,1470,313,2593,5362,2768,933,4607,2947,2803,1824,3156,582,1400,1081,807,1336,1272,4042,1162,3997,3643,437,5160,6277,5021,3206,3956,242,457,255,1916,2.56293,2.57842,79102.2,78166.3,1371080
sub-40,996,823,2170,1585,371,2913,4799,4026,1491,5911,3135,3455,1975,4514,627,1364,2500,808,1905,1512,4640,1617,5521,4501,1235,6831,8307,5942,4894,4800,298,437,619,3230,1062,763,2474,1884,290,3465,6729,3769,985,5925,2920,3478,2246,4161,712,1986,1494,1050,2126,1861,4430,1186,5403,4792,711,7346,8208,6067,4349,4608,286,432,408,3112,2.46205,2.42814,99750.3,100705,1774550
sub-41,1077,581,2585,1721,454,2976,4664,3394,1219,5309,2855,3145,1784,2903,653,1556,1513,793,1293,1667,4395,1197,5088,4705,929,5707,7606,5999,4196,4762,293,518,537,2885,938,583,2200,1770,419,3404,5895,2940,1086,5719,2672,3379,2457,3041,619,1545,1411,793,1523,1679,4327,1118,5219,4381,641,5859,7207,6109,4017,3848,313,482,384,2770,2.62975,2.61479,90955.3,90631.5,1683370
sub-42,1091,563,2490,1622,464,3757,5326,3280,750,5966,2724,3176,1711,2691,640,1356,1612,666,1484,1590,4009,929,4858,3677,794,5436,7809,5925,4225,4005,229,542,472,2717,938,541,1947,1663,395,3537,6506,3054,960,5487,2537,3152,2034,3274,577,1423,1438,860,1973,1524,3671,1264,5103,4318,474,5669,7803,6393,3516,3616,305,443,420,2845,2.50237,2.50725,88560.5,89550.3,1369840
sub-43,846,683,3178,1903,666,3404,4022,3618,1141,5898,3073,3325,2115,2728,777,1520,1845,700,1315,1640,4373,1412,6091,3922,918,6465,8982,6120,4224,5438,268,437,434,2850,943,745,3228,2046,468,3335,4741,3621,1189,6550,2935,3399,2234,3565,645,1799,1705,965,2195,1937,4522,1449,5707,4199,558,6079,8799,6433,3483,3427,307,513,308,2475,2.56005,2.513,96330.2,96499.9,1728400
sub-44,970,787,2274,1391,380,3033,4312,3175,1103,5275,2863,3074,1694,3041,708,1471,1739,803,1704,1377,4181,963,5353,4148,827,6068,6302,6411,3950,4427,274,419,410,2582,943,581,1599,1696,378,3153,5767,3410,987,4565,3125,3112,2066,3453,765,1718,1294,918,1662,1657,3891,1237,5096,4416,509,6192,7806,6418,3640,3554,321,492,355,2196,2.57866,2.57133,87464.7,88968.9,1503130
sub-45,920,507,2491,1662,369,3112,4448,3768,1026,5927,2840,2822,1838,3139,576,1392,1748,825,1501,1526,4082,1211,4580,3153,854,5999,8533,5403,3907,2903,259,393,424,2446,889,746,1802,1718,353,2975,4673,3465,894,4838,2437,3092,1879,3237,525,1574,1404,917,1730,1488,4272,1127,4767,3630,602,7152,7834,4897,3694,3814,295,456,307,2717,2.56561,2.61596,86569.7,86192.2,1457440
sub-46,1043,744,2024,1604,495,3049,5120,3527,1225,4992,2942,3139,2233,3545,725,1575,1463,791,1230,1493,4303,1436,5031,4186,892,6003,7662,5869,4073,4309,308,454,422,2394,1130,547,2294,1525,458,2769,5169,3480,1011,4678,2878,3038,1993,3914,619,1679,1307,875,1334,1439,4591,1192,4874,4113,585,6362,7982,5965,4074,4638,331,429,347,2254,2.51017,2.51493,90193.5,89866.4,1598870
sub-47,1199,776,2659,1708,488,3127,5384,3505,993,5818,3096,3316,2308,3674,719,1202,1758,677,1219,1367,4469,1280,5189,3599,732,5578,7221,4731,4108,4313,287,359,438,2438,984,787,1933,1708,491,3094,6342,3954,826,5350,2445,3655,2236,4433,668,1361,1441,777,1621,1772,3889,1268,5484,3514,570,5456,7373,4787,3818,4061,331,440,346,2409,2.46693,2.45413,89733.4,89614.2,1169190
sub-48,1022,835,2742,1724,559,3561,4767,4310,1172,4637,3141,3519,1862,4045,848,1656,1523,875,1352,1544,5643,1548,5816,5050,1131,7130,8480,5820,4851,5270,297,544,523,2788,975,788,2785,1768,523,3538,5909,4245,1134,5179,3114,3607,2122,4213,713,1597,1348,1070,1528,1730,4496,1581,5394,4848,864,7409,8784,6172,4307,4904,298,514,438,2838,2.52743,2.53727,100566,100726,1788120
sub-49,1006,619,2135,1302,520,3199,4251,2762,1011,5061,2486,2940,1705,3001,686,1142,1652,634,1157,1452,3874,1142,4539,3798,691,5537,6228,5378,3896,3785,239,402,332,2384,1001,627,2121,1466,466,2933,4556,2678,841,4416,2124,3602,1610,3119,601,1589,1244,810,1644,1520,3712,1328,4623,3818,523,4968,6294,5659,3826,3846,313,539,290,2523,2.5306,2.52911,80772.1,81131.9,1469570
sub-50,1172,747,3002,1840,520,3391,6703,4490,1090,5517,2888,3807,1946,3828,741,1457,1916,792,1679,1858,4279,1379,5444,3612,1089,6554,8493,6043,4073,3610,308,614,452,2718,1047,781,2366,1727,567,3422,7217,4807,1230,5523,2980,3937,2484,4369,690,1472,1639,901,1752,1986,4425,1256,5136,3992,492,7066,8451,5613,3571,3212,315,486,288,2450,2.59872,2.53911,98043.2,97645.3,1680780
sub-51,950,725,1988,1383,432,3139,4630,3799,988,4986,2650,2577,2219,3671,601,1480,1644,731,1235,1138,3787,1348,4343,3594,733,5913,7118,5420,4206,3770,285,415,519,2471,978,575,2059,1502,395,2729,4666,3662,931,5903,2809,2583,2172,3557,617,1637,1337,781,1226,1343,3824,1241,4643,3475,580,5591,7359,5356,3507,3500,282,450,351,2240,2.704,2.67076,84887.4,83828.6,1563250
sub-52,1043,642,2679,1782,559,3352,5358,3654,1090,5290,3262,4074,2219,3068,633,1671,1948,859,1498,1824,5224,1425,5478,3986,866,6118,8715,6571,4185,4139,296,570,484,2417,955,667,2290,2050,438,3255,5965,3332,973,5846,3300,3620,2334,3525,659,1712,1370,973,1620,2129,4750,1237,5234,4315,631,6563,7909,5842,4379,4048,405,475,459,2336,2.61376,2.59578,96980.2,95513.9,1702020
sub-53,999,646,2240,1625,511,3335,4171,3673,1122,5501,2627,3013,1713,3288,723,1354,1543,709,1196,1400,3551,1249,4190,3756,886,5926,7239,5435,4103,4046,252,500,405,2537,967,629,2243,1739,322,3083,5268,3710,1020,5454,2436,3669,1912,3962,678,1477,1588,729,1515,1625,3531,1187,4486,4056,658,5930,6811,5682,3663,3361,264,450,332,2245,2.59637,2.55289,85466.9,86676.5,1601280
sub-54,1206,510,2276,1543,457,3453,5300,3308,1084,5398,3092,2794,1810,3364,720,1456,1848,678,1453,1141,4529,1364,4927,3883,763,5967,7664,4988,4518,3750,250,422,556,2806,1154,772,2023,1670,522,3445,5555,3716,872,4709,2865,3106,2117,3820,673,1542,1352,821,1552,1337,3798,1298,4804,4053,713,5973,7341,5630,3961,3850,325,444,378,2508,2.60656,2.58403,89277.4,88694.1,1460090
sub-55,1581,828,3675,1752,480,3229,6618,4452,1480,5857,3363,3902,2171,4467,772,1668,1987,838,1479,1637,5365,1246,6938,5848,1310,7430,9525,7636,5374,6316,297,541,595,3356,944,588,3066,1875,462,4164,6789,4588,1283,6723,3462,3563,2617,4810,908,1933,2051,1234,2338,1750,5053,1331,6104,5621,669,9414,9583,7520,4965,5222,440,563,406,3136,2.59961,2.60274,114008,115167,1935070
sub-56,1251,979,3028,1935,580,4051,5169,4427,1321,5593,3851,3699,2611,4172,852,2006,1515,932,1333,1600,5550,2058,5531,5112,1248,7696,9580,7977,5174,6004,350,605,506,3152,1225,1178,2846,1958,385,4048,6057,4317,1113,5848,3508,3820,2383,4920,713,1868,1668,943,1801,1719,5132,1739,5501,5501,921,8105,10956,7242,5323,6246,349,531,422,2946,2.65214,2.61438,111294,113220,1860830
sub-57,697,725,1789,1472,470,3127,4098,4209,1094,5583,2573,3316,1805,3399,642,1208,1350,699,1325,1514,3959,1308,4198,3797,779,5905,6966,5723,3522,4040,271,523,336,2313,803,722,1711,1831,458,2936,5468,3803,906,4617,2698,3786,1643,3825,622,1188,984,894,1297,1878,3812,1179,4480,3815,668,6084,6612,5434,3520,3660,368,508,282,2189,2.57768,2.58426,84732.8,84609.9,1451900
sub-58,1330,817,2337,1590,534,3221,4260,4242,1147,5248,2878,3292,1898,3280,603,1549,1855,805,1918,1521,4422,1441,4939,3520,1136,6226,8016,5244,4012,5040,275,538,481,2803,1023,762,2241,1435,478,3004,5707,3461,919,5794,3321,3576,2237,3809,598,1615,1520,958,1832,1667,4331,1412,5241,4286,678,5831,8123,5949,4174,4194,269,450,388,2426,2.61101,2.57805,92396.2,93696.3,1512340
sub-59,990,736,1923,1727,431,3212,4297,3644,961,5930,2746,3048,1748,3514,583,1210,1652,841,1580,1323,4104,1143,4455,3506,906,6159,7645,4960,4627,4507,291,387,508,2345,799,784,1929,1740,359,2985,6133,3285,1028,5053,2753,3542,1944,3824,530,1280,1530,908,1642,1545,3794,1076,4505,3814,569,5883,7116,5867,3639,3880,369,493,329,2299,2.58275,2.5386,87632.9,87206,1420350
sub-60,1064,606,2248,1488,576,3697,4809,4494,1164,5884,2884,3092,2006,3737,703,1449,1555,686,1604,1387,4253,1487,4477,4223,914,6341,8342,6287,4320,5083,295,595,463,2533,936,572,2335,1608,507,3524,6794,3584,1107,5974,2660,3531,1942,3943,636,1607,1464,814,1553,1599,3988,1139,4478,4634,452,6531,8053,5566,4153,4031,362,469,379,2370,2.52589,2.51374,94728.7,93286.5,1711430
sub-61,1030,607,2398,1625,344,2739,3767,3265,963,4511,2607,3147,1610,3484,686,1334,2136,715,1428,1378,3677,1379,5162,3781,864,5496,6681,5386,4062,4279,256,451,436,2381,830,600,2198,1397,282,3110,5175,3454,805,4189,2499,3111,1914,3260,695,1586,1447,947,1707,1593,3743,1201,4738,4018,606,5794,6759,5361,3679,3200,335,415,367,1881,2.61278,2.6289,83959.9,82889.1,1517670
sub-62,1076,577,1844,1884,368,2959,4303,3360,939,5685,2655,3088,1701,3453,640,1369,1416,728,1398,1660,3739,1090,4609,4078,703,5722,7424,5290,4091,4656,222,354,375,2649,909,620,1830,1802,358,2846,5302,3117,919,5747,2530,3374,2034,3638,563,1437,1419,736,1787,1689,3845,1159,4269,3955,466,6014,6770,5441,3619,3632,360,404,294,2175,2.62306,2.62271,86102.1,85052.2,1574310
sub-63,1453,829,2301,1468,478,3630,4589,4083,857,4576,3179,2611,1715,3714,784,1605,1780,850,1807,1309,3972,1401,5016,4050,949,5872,7623,6224,4674,4955,265,472,542,2962,976,586,2699,1575,443,3425,6526,3907,934,4403,2666,3218,1952,3658,719,1752,1432,924,1561,1555,4951,1379,5440,4249,661,6191,8076,6398,4387,3832,326,455,361,2696,2.59103,2.56919,92593.6,94297.9,1576670
sub-64,1036,655,2201,1601,396,2980,4372,3267,993,4786,2711,3851,1925,3243,613,1477,1431,616,1319,1752,4127,1407,4980,4019,901,5752,7480,5896,3839,3792,241,454,414,2533,844,748,2254,1664,433,2831,4944,3562,1010,5092,2623,3933,2204,3658,643,1699,1471,877,1663,1938,3960,1548,4296,3981,517,5684,7365,5864,3397,3513,345,437,338,2441,2.54378,2.52897,87057.2,87771.4,1528550
sub-65,828,548,2101,1466,363,2922,3716,3010,1004,4891,2685,2929,1676,2899,670,1241,1652,686,1578,1485,4037,1319,4296,3606,752,5201,6776,4748,3702,4416,212,502,370,2327,971,673,2050,1505,396,2768,5085,2682,944,5335,2406,3291,1962,3254,587,1526,1491,862,1795,1578,3521,1228,4148,3935,518,5777,6336,4657,3379,3565,274,505,284,2225,2.69729,2.70335,80614.3,81483.9,1469020
sub-66,1881,628,2964,1725,543,3989,6088,3977,1347,6122,3473,3166,2198,3575,766,1622,2041,923,1464,1301,5291,1797,5786,4513,1014,6475,9148,6335,5418,5139,256,448,623,2698,1244,1009,2700,1982,489,3845,7827,4094,1308,5442,2674,3533,2232,4326,867,1842,1606,844,1805,1706,5314,1782,5812,5287,703,6793,8223,6694,3978,4543,344,571,360,2857,2.63771,2.61622,104728,104635,1770240
sub-67,1126,610,2405,1561,534,3689,5127,3635,991,5786,2757,3521,2063,3190,643,1571,1592,771,1298,1426,4077,1193,4957,4579,1256,6314,8098,6628,4549,4646,318,438,522,2545,980,1004,2593,1830,457,3470,5765,3721,1026,5496,2849,3527,2108,3455,673,1586,1579,902,1691,1758,4856,1425,4812,4697,730,6853,7449,6193,4523,4489,282,491,410,2496,2.52806,2.51588,94418,96170.5,1516120
sub-68,1240,697,2605,1624,409,2923,4959,3115,1008,4908,2588,2968,1579,3328,578,1519,1544,592,1317,1573,4280,1090,4395,3843,778,6133,6897,5689,3588,3322,235,436,353,1976,947,953,1989,1712,353,2996,5076,3469,914,4967,2724,3383,1729,3813,635,1566,1491,716,1493,1831,4237,1260,4939,4172,653,5430,6808,4994,3351,3175,316,434,272,2136,2.58966,2.57495,84083.7,84929.7,1443390
sub-69,1144,807,2165,1762,510,3533,5293,2996,1299,6515,2979,3892,2426,3744,690,1596,1998,862,1963,1648,5026,1379,5164,4590,919,7635,8253,6182,4941,5098,268,511,526,2740,1045,861,2745,2015,364,3263,7093,4060,1016,5865,2553,3898,2143,4094,776,1980,1938,924,1676,1779,5280,1274,6048,5446,839,6701,7905,5577,3944,4518,301,440,410,2685,2.51617,2.49369,101053,101300,1792040
sub-70,1245,666,2299,1718,373,3178,6311,3652,977,5827,3284,3270,2051,3711,735,1538,2302,744,1548,1680,4293,1258,4861,4334,1007,6996,7683,6438,4471,4309,268,364,534,2558,989,956,2256,1765,388,3069,5721,3890,912,5064,3197,3517,2316,3830,765,1665,2013,907,1716,1751,4610,1193,4697,4798,711,7578,7131,6654,4099,4528,323,501,379,2544,2.6653,2.63455,96469.4,96430.3,1655730
sub-72,1198,656,2005,1422,434,3105,4884,3161,854,4389,2846,3232,1722,3492,656,1621,1533,716,1358,1605,3797,1067,4535,3908,917,5650,7400,5496,3925,4188,215,403,445,2641,861,876,2369,1552,348,2747,5015,2962,1024,4380,3158,3756,2167,3616,649,1489,1456,830,1328,1589,3901,1048,4621,4579,723,5080,6598,5584,3685,3913,305,420,350,2277,2.59186,2.52666,85461.9,85239.4,1442320
sub-73,815,577,2359,1684,404,3161,4492,3567,1254,5240,3097,3714,1655,3164,721,1217,1703,886,1355,1876,4579,1211,4622,4566,915,6190,7588,6796,4026,4744,256,523,533,2614,1082,686,1905,2031,291,3216,6282,3010,1062,5335,3078,3826,1940,3413,667,1559,1317,900,1534,2127,4033,1368,4887,4347,628,5762,7743,6477,4018,3419,308,430,293,2666,2.56123,2.5591,92085.5,91557.7,1631780
sub-74,918,565,2115,1374,376,2749,3994,2854,826,5118,2134,2835,1448,2903,649,1219,1453,725,1144,1254,4534,1001,4494,3534,553,5610,7011,5063,3679,3545,247,385,458,2394,972,736,2299,1426,318,2735,5552,3271,810,4770,2220,3012,1458,3336,581,1483,1537,921,1478,1344,4029,1195,4277,3454,522,5303,6216,5526,3270,3250,258,456,282,2292,2.62352,2.59372,79149.1,80584.5,1429590
sub-75,1027,504,1976,1527,355,2909,4594,3645,1032,5143,2275,3520,1576,3190,688,1211,1656,650,1251,1582,4300,1152,4696,3502,639,6060,7043,4726,3745,3957,211,426,423,2412,1000,846,1964,1885,383,3237,4942,3349,775,5065,2257,3720,1785,3511,712,1448,1208,862,1411,2072,4398,1217,4345,3456,662,5984,6893,4560,3654,3519,286,453,263,2181,2.5836,2.58789,83591.1,84300.5,1349580
sub-76,1050,743,2598,2083,511,3647,4716,4173,1385,6247,2921,3487,1787,3498,688,1482,2111,919,1749,1722,5182,1433,5680,4721,1032,6028,8430,6641,4573,4521,285,566,569,2874,901,723,2480,2074,423,3603,6675,4288,1198,6105,2847,3729,2144,4091,656,1545,1332,996,1408,1921,4880,1471,5244,4869,648,7323,7681,5881,3690,4607,349,491,272,2627,2.61758,2.59658,100036,99173.4,1704380
sub-77,1173,475,1868,1710,521,3284,5561,3702,1272,6350,3133,3377,2221,3532,665,1373,1494,831,1522,1757,3914,1209,4403,3636,730,7286,7894,5602,3887,4142,294,428,412,2275,897,755,2370,1767,498,2961,5699,3401,1074,6234,2786,3630,2332,3698,593,1637,1471,909,1635,1921,4228,1164,4713,3969,634,6959,6441,5155,4004,4184,299,466,344,2301,2.65202,2.64898,91908.4,91111,1632890
sub-78,756,596,1978,1445,374,3022,3851,3110,957,5074,2612,2900,1828,2697,712,1512,1530,726,1171,1264,4580,1051,5024,3972,670,6147,6969,6015,3626,4130,240,353,432,2516,1080,914,2173,1718,330,2772,5639,2517,902,4233,2462,2814,1828,3333,653,1643,1258,806,1348,1455,3569,1358,4439,4192,547,6681,6610,5585,3704,3465,324,378,359,2082,2.55255,2.5454,83838,83169.4,1415490
sub-79,1066,748,2791,2174,677,3776,5715,3896,1239,6450,2951,3775,2114,3526,812,1638,1771,798,1395,2012,4735,1700,5788,4525,796,6959,9176,6258,4425,4638,314,588,513,2468,956,1255,2800,2083,443,3511,6203,3905,982,6600,3105,3936,2301,4262,733,1767,1311,909,1593,2183,4217,1609,5655,4732,689,7422,7698,6450,4177,4611,373,524,376,2752,2.58547,2.51647,102069,102107,1769780
sub-80,1058,796,2640,1585,650,3607,4120,3934,1144,5513,2845,3041,1682,3563,778,1338,1729,738,1679,1374,5028,1396,5336,3538,1061,6193,7809,4996,4410,5348,258,464,494,2686,930,958,2505,1529,585,3511,5446,4107,948,5725,3138,3014,2235,3843,715,1742,1345,951,1644,1462,4004,1469,5328,3898,653,6567,7440,5631,3629,4132,331,482,344,2328,2.57963,2.59554,92820.6,92454.4,1535510
sub-81,1478,676,2575,1958,351,2995,5035,3361,1206,5905,3099,3430,2178,3561,605,1499,1814,772,1334,2011,4699,1381,4893,3756,950,7003,8614,5074,4777,4237,320,398,512,2797,929,1155,2052,1730,386,3624,6662,3522,1220,5154,2935,3869,2236,3939,616,1568,1462,903,1740,2192,3816,1638,4624,4240,850,7289,7441,5768,4073,3916,374,406,313,2420,2.51765,2.51501,95250.4,95059.1,1710520
sub-82,1169,586,1832,1586,376,3116,4594,3893,1189,4790,2655,3198,1982,3647,603,1460,1736,825,1570,1544,4214,1317,5166,3740,701,5733,6986,5805,4641,4102,235,442,465,2518,1009,713,1796,1498,393,3186,6687,3678,831,4653,2448,2880,1912,3804,654,1808,1339,904,1495,1541,4111,1310,5373,3894,617,5438,7155,5257,4138,3377,295,428,356,2572,2.61941,2.60267,88416.5,87482.5,1423760
sub-83,897,661,1759,1450,539,3269,4879,3452,1099,5126,2571,3358,1833,2921,777,1345,1577,686,1394,1288,3980,1288,4459,3993,607,4783,6264,5938,3415,3331,247,482,346,2423,668,845,1983,1599,440,3182,4404,3592,928,5119,2315,3111,1802,3496,710,1841,1156,760,1230,1459,3635,1305,7019,3741,710,5363,6744,3912,3519,3156,287,528,255,2100,2.63565,2.60965,82419.3,82831.1,1463280
sub-84,1040,424,2044,1870,335,3075,4124,4003,958,5166,2575,3216,1964,2999,618,1275,1728,705,1260,1819,4063,1024,4899,4013,662,5231,6079,6035,3110,3076,267,539,347,2140,888,532,1934,1740,291,2746,5689,2764,690,5261,2588,3227,1830,3324,645,1800,1149,806,1233,1707,4105,967,4793,4258,442,5763,6325,5479,3375,3208,257,428,276,2048,2.44758,2.40095,82674.6,82543,1348020
sub-85,1016,674,2263,1633,330,3000,3953,3322,1176,6011,2844,3318,2213,3618,613,1266,1644,738,1270,1673,3704,1320,4589,3485,724,5568,7074,4266,3767,3666,246,417,450,2182,884,553,2141,1775,283,2703,4733,2752,1079,5925,2545,3611,1788,3424,650,1308,1532,844,1676,1765,3666,1231,4211,3628,566,6072,6305,4659,3516,3739,330,452,362,2309,2.65415,2.68004,84026.3,82995.8,1478560
sub-86,1237,680,2036,1720,370,3213,5473,3803,1217,6028,3196,3404,2134,4358,680,1514,1859,883,1768,1677,4076,1439,4507,4151,996,5730,7934,6111,4414,4239,278,471,506,2584,1204,868,2319,1901,417,3109,6634,3382,1098,5771,2653,3627,2194,4158,734,1484,1593,868,2175,1925,3713,1443,4646,4545,749,6521,7092,5567,4297,3081,325,551,403,3007,2.43857,2.39955,94686.6,94043.4,1265440
sub-87,1355,747,2463,2295,535,3656,5596,4055,1249,5613,3034,4252,1875,4009,656,1519,1994,714,1810,2277,4473,1283,5601,4129,1268,6200,7566,5897,4069,4768,325,599,491,2552,816,636,1857,2066,455,3662,6243,4316,1021,6653,3194,3960,2127,3847,605,1621,1339,1030,1670,2331,4863,1145,5253,4776,676,6928,7966,5292,4026,4069,383,607,360,2551,2.41767,2.39923,98798.1,98340.7,1706370
sub-88,863,527,2323,1561,399,2765,3724,2745,1183,5118,2997,3243,1795,3050,558,1183,1520,843,1599,1242,4081,1115,4863,3970,725,4946,7478,5029,4415,4357,226,472,449,2601,704,630,1926,1660,313,2689,5717,2770,896,5104,2587,3202,1908,2877,497,1468,1200,927,1643,1414,3961,1064,5321,4000,637,5748,6584,5681,3439,3578,331,443,279,2272,2.44711,2.42962,83848.8,83470.6,1238690
sub-89,1220,814,2391,2031,595,3119,4192,3313,1263,5625,3018,3497,2015,3231,654,1326,1729,760,1349,1572,4387,1377,5233,4211,1035,6532,7078,6289,4361,5247,269,481,537,2490,933,612,2188,1737,505,3423,6199,3015,1093,6002,2865,3190,2038,3649,661,1424,1575,970,1553,1979,4065,1167,5120,4020,575,7170,7238,5360,3636,3214,367,430,341,2295,2.50969,2.51962,93222.7,90604.4,1591850
sub-90,1193,791,2336,1651,614,3360,5711,3920,1365,5347,3009,3605,2045,3558,688,1424,1889,1023,1565,1975,5552,1566,5774,4169,1120,7977,8576,5567,4672,4388,274,544,520,2715,1167,1165,2571,1732,495,3381,6802,3844,1065,6550,2993,3837,2181,3829,641,1770,1660,1259,1991,2174,4848,1802,5829,4194,873,7192,7909,5643,3795,4335,358,505,364,2353,2.52144,2.52971,100480,101087,1785470
sub-91,863,596,3063,1607,686,3385,3674,3070,896,5525,2814,3077,2316,2784,623,1609,1210,741,1023,1387,4400,1356,5441,3553,914,6060,7736,5190,4161,4684,273,501,445,2458,912,665,2347,1589,489,3219,6283,2961,921,5296,2923,3316,2241,3364,575,1533,1372,853,1679,1516,3715,1449,5001,3754,655,7577,8102,5456,3658,3430,307,606,313,2442,2.68897,2.60992,88121.5,90517.5,1576230
sub-92,1070,684,2334,1932,490,3352,4711,4481,1067,5002,3029,2604,1996,3754,577,1544,2353,846,1862,1295,4729,1765,5663,5791,853,5935,7870,7667,5167,5575,291,471,635,2947,867,579,2192,1731,545,3308,6764,3924,909,5168,3317,3255,2083,3803,633,1968,2107,1082,2369,1257,4899,1501,5575,5338,579,5334,7706,7277,4867,5331,364,569,503,2741,2.57834,2.48701,100196,100237,1691200
sub-93,925,703,2057,1248,629,3074,5178,4350,951,4720,2794,2810,2180,3343,607,1166,1973,718,1324,1035,3628,1425,4867,3265,819,5452,6043,5167,3612,3288,256,445,396,2121,922,571,2481,1528,381,2929,5606,4082,925,4157,2942,2932,2095,3935,700,1079,1679,921,1568,1295,3356,1067,4374,3920,635,5742,6076,5284,3231,3313,288,478,290,2066,2.54466,2.57756,82547.7,82839.7,1486540
sub-94,1136,756,2269,1226,396,2920,4679,2975,1028,4497,2689,3288,1742,3348,588,1293,1743,707,1441,1232,4483,1283,4700,4391,976,6033,7058,5598,3890,4539,231,429,407,2317,1042,689,1900,1333,358,2816,5420,2958,1025,4561,2671,3283,2096,3659,624,1351,1422,835,1427,1410,3928,1120,4738,4391,630,6703,6672,5397,3924,3860,355,453,359,2185,2.47821,2.49283,86282.6,85590.5,1460710
sub-95,945,552,2114,1356,459,2772,3622,2831,925,4715,2383,2640,1625,2758,587,1156,1347,598,1088,1583,3729,1181,4451,3402,648,4398,6661,4311,4090,3495,228,443,493,2033,1023,613,1960,1412,414,2860,4994,3050,856,4884,2150,2583,1737,3138,563,1241,1053,694,1245,1535,3408,986,4596,3280,357,4801,6157,4674,3435,2683,290,455,311,1959,2.69016,2.69366,75611.9,75377.6,1430970
sub-96,990,514,1947,1765,611,3036,3848,2973,966,4900,2462,3643,1652,2801,615,1106,1434,696,1361,1657,3613,885,4226,3282,779,6065,6185,4440,3664,3468,267,458,369,2361,864,736,1626,1833,499,2765,5377,3101,871,5097,2410,3607,1617,3152,546,1277,1226,851,1580,1783,3375,1126,3729,3503,662,6621,5874,4780,3247,2891,281,427,269,2079,2.62551,2.61334,79036.9,79667.9,1329890
sub-97,1174,586,2243,1585,602,3313,4940,3409,1129,5231,3172,3026,1771,3281,654,1328,1722,811,1518,1600,4087,1387,4994,4077,825,5926,8210,6081,4147,3719,274,483,459,2939,974,506,2505,1614,342,3246,5798,3522,1050,5116,3231,3075,2164,3717,634,1533,1690,849,1944,1765,3925,1156,4389,4498,525,6146,8346,5724,3747,4100,270,435,347,2363,2.49909,2.54455,90701.8,91244.1,1628390
sub-99,1050,858,2382,1622,667,3888,5881,4303,1330,6315,3091,2990,1907,4258,897,1358,1836,925,1637,1042,5078,1650,5395,4907,837,7109,8907,6616,4424,5486,235,519,532,2924,1236,944,2460,1544,400,3334,7588,4286,1003,5303,3547,3555,2600,4401,680,1717,1741,1025,1829,1413,4598,1941,5116,4888,547,7390,8348,7267,4198,4348,304,454,407,2426,2.66265,2.60303,102807,102838,1600500
sub-100,1020,887,2334,1455,340,3350,4246,3467,1004,5194,2964,3189,1766,3112,552,1378,1736,616,1655,1707,4106,1296,4607,3481,991,5680,7005,4654,3729,3561,232,480,461,2397,1011,596,2273,1405,310,2813,4145,2946,872,4810,2768,3308,1882,3722,546,1690,1269,787,1631,1739,4314,1162,5330,4116,640,5859,6952,4899,3887,3458,261,441,337,2288,2.54224,2.59639,84645.4,84466.4,1408510
sub-101,1153,928,2491,1957,464,3432,4746,3460,1113,6029,2875,3726,1969,3683,777,1464,1728,773,1476,1990,4807,1571,5200,4359,1121,5751,7943,5310,4724,5143,220,506,418,2571,1092,724,2503,2203,416,3602,6202,3756,1002,6324,2673,4366,2148,4067,738,1647,1438,874,1648,2248,4318,1346,5325,4193,606,6785,8098,5777,3887,3440,333,402,358,2584,2.50037,2.50477,95866.7,97123,1590130
sub-102,1154,706,2565,1688,338,3079,6062,4015,1095,5404,3008,3048,2042,3824,667,1545,1173,747,1040,1547,4574,1248,4964,4957,814,5820,7141,6177,3771,4047,249,477,355,2426,1093,763,2397,1982,291,3701,6454,3913,934,4807,2892,3337,2043,3680,711,1629,1421,864,1524,1844,4041,1526,4881,5151,824,5314,7238,5897,3811,4092,300,521,356,2418,2.54195,2.51652,91763.5,92645.1,1512890
sub-103,1164,694,2566,1488,462,3394,3975,3439,1276,4288,3090,3432,1889,3574,636,1689,2016,632,1629,1369,4386,1420,5194,3699,911,6354,8903,6020,4300,4727,263,495,442,2915,948,604,2552,1515,524,3525,5135,4211,1119,5449,2768,3336,1933,3805,718,1614,1797,1026,2196,1281,4461,1247,5567,3695,546,6341,7641,6077,3862,4127,332,627,380,3049,2.44438,2.41971,92716.6,94008.1,1780520
sub-104,921,724,1938,1542,431,3392,3782,3535,1010,4849,2463,3415,1540,2770,626,1178,1835,692,1451,1675,3680,1138,5184,3247,729,5580,6841,6167,3628,3859,271,442,446,2306,942,544,2037,1727,437,3264,5776,3335,886,5093,2593,3192,1636,3435,629,1523,1267,802,1300,1735,3692,966,4830,3735,539,7035,6542,5031,3487,2823,331,331,305,2298,2.52296,2.53559,83275.6,84097.5,1227540
sub-105,1119,776,2488,1492,549,3598,4622,3984,1059,5213,2770,2676,1845,3744,686,1413,2024,861,1544,1235,3941,1296,4666,4034,967,7161,7744,5300,4838,5467,284,533,549,2681,939,852,2223,1689,375,3558,6047,3754,984,5118,3026,2862,1911,4054,616,1784,1164,959,1552,1489,4250,1136,5382,4485,687,7565,7043,5187,4371,4000,287,409,445,2305,2.4603,2.40554,93084.6,92436.5,1481180
sub-106,1174,793,2621,1397,695,3975,5175,4234,1045,6430,3204,3191,1882,4053,768,1651,1994,840,1311,1149,4887,1379,5193,4649,956,6464,7902,6593,4039,4668,262,527,419,2506,1058,807,2420,1529,564,4025,6776,4163,1198,5262,3289,2699,2366,4493,842,1626,1809,1027,1561,1338,4704,1244,5175,4838,769,7315,8111,6311,4336,5460,340,507,383,2485,2.54786,2.56981,97978.6,100823,1755440
sub-107,1146,728,2685,1379,439,3647,5072,3715,1110,4652,2957,3034,1745,3319,610,1216,2012,716,1458,1280,3167,1398,5285,3861,876,5994,8051,4513,4095,3513,278,414,423,2481,1054,599,1389,1504,286,3437,5977,3333,943,4289,3642,3647,2132,3683,537,1426,1308,1015,1627,1490,3924,1212,3865,4420,605,7125,5906,5895,4071,4497,360,495,367,2349,2.62368,2.63563,87257.9,88404,1531690
sub-108,1232,860,1834,1697,567,3716,5370,3748,1258,5685,2944,3818,1768,3785,686,1589,2551,867,1695,1738,5198,1370,5511,4686,890,6237,7419,6413,3996,5750,300,478,511,2499,1073,784,1642,1866,427,3262,6506,4233,1186,5795,2977,3780,2041,4197,632,1554,1237,1066,1459,2065,4484,1215,5422,5109,704,7347,8307,6392,3665,4549,322,463,318,2831,2.53394,2.52726,98659.4,98899.6,1700350
sub-109,1127,926,2496,1566,369,3677,5307,4319,1336,5408,3264,3493,2334,4185,706,1543,1816,883,1575,1377,4540,1428,5919,4292,1004,7258,8895,6332,5098,4917,343,447,576,2792,993,821,2453,1633,358,3459,6750,4355,1195,5578,3249,3687,2373,4534,828,1656,1605,995,1847,1543,4226,1421,5778,4408,686,6662,8981,6214,4172,4667,331,465,372,3068,2.5493,2.55241,101445,101345,1858850
sub-110,1262,536,1966,1462,688,3913,5864,4122,1100,5492,3309,3188,2538,3803,725,1520,2196,799,1794,1380,5147,1311,5019,4756,874,7386,8589,5748,4320,5637,296,501,444,3085,1145,733,1864,1439,532,3851,7098,3860,1070,5328,3143,3717,2136,4319,802,1967,1572,1151,2099,1600,4330,1370,5595,4595,593,6221,8942,6133,4607,4592,324,485,338,3168,2.61205,2.62273,100762,100716,1484490
sub-111,907,413,2019,1244,340,2745,4626,3079,1054,5199,2569,3310,1648,3205,567,1142,1733,726,1047,1232,3850,1014,4159,3829,511,4993,6133,5596,3223,3768,255,459,317,2566,917,468,1691,1443,371,2842,4877,2532,802,4855,2533,3144,1973,3084,550,1255,1080,668,1202,1380,4084,939,4413,3788,429,5298,6072,5177,3597,4216,275,393,318,2300,2.46652,2.52543,79463.9,78965.7,1383980
sub-112,761,902,2214,1612,339,2722,3939,2939,1027,3832,2768,2890,1821,2960,505,1306,1597,775,1211,1269,4386,1193,5088,3947,839,5503,7794,5543,4623,4546,271,484,553,2699,812,624,3051,1511,429,2968,4597,3010,851,3901,2387,2917,1935,3065,494,1392,1450,863,1476,1269,3827,1143,4507,4482,501,5676,7428,5493,4241,4041,272,512,451,2581,2.56182,2.57164,84850.8,84154.5,1407250
sub-113,1039,549,2025,1567,357,3275,5842,3714,1037,5966,2811,3279,1782,3816,729,1305,1799,825,1300,1510,4045,1216,4733,4035,975,6941,7599,5508,4092,3210,256,412,427,2527,1057,949,2136,1721,409,3172,5819,3555,1085,5234,2911,3566,1944,3732,658,1569,1535,1120,1758,1606,4198,1363,4828,4142,731,5950,6812,5656,4076,4156,328,462,328,2460,2.51411,2.5203,90499.8,90928.2,1650160
sub-114,1073,626,2091,1346,280,3117,5459,3600,1105,5083,2818,2803,1694,3985,586,1495,1762,846,1553,1132,4474,1233,4152,3814,849,5959,7666,5461,4459,4616,226,421,434,2298,987,734,2144,1288,289,2885,6590,3275,1060,5114,2609,2893,2136,4441,542,1725,1283,925,1534,1168,4014,1372,4093,4155,612,6594,6688,5666,3871,3536,306,429,374,1999,2.59322,2.57779,88503.5,87329.9,1508990
sub-115,1007,634,2238,1429,554,3215,4776,3653,1152,4831,2818,2598,1733,2965,617,1315,1720,648,1351,1300,3877,1204,4358,4709,841,5661,6709,7279,3202,3376,202,418,384,2329,821,819,1967,1593,485,3629,5576,3005,1051,4762,2884,3049,2093,3020,596,1376,1316,919,1673,1458,4048,1106,4294,4421,645,6033,6691,6574,3315,3476,333,456,230,2121,2.49689,2.49619,85093,85835.1,1413250
sub-116,936,604,2161,1479,507,2954,3941,3407,865,4563,2505,2992,1779,3055,653,1114,1697,591,1323,1264,3833,1107,4286,3656,715,5146,7079,4652,3392,3689,244,487,345,2319,752,713,1992,1550,372,3185,4074,3222,907,4937,2600,2904,1737,3232,613,1156,1436,712,1564,1475,3642,950,4412,3525,578,5460,6206,4613,3392,3360,304,429,280,2174,2.47585,2.51484,79339.5,78456.7,1390660
sub-117,968,909,2538,1570,483,3152,5188,3037,983,5582,2685,2959,1823,3276,613,1474,1532,631,1361,1286,4060,1176,4584,3705,1047,5867,7613,5942,3863,3221,238,397,416,2642,966,786,1886,1553,342,2872,5481,2975,864,5430,2642,3153,2054,3358,553,1554,1406,805,1709,1452,3482,1253,5000,4110,705,6323,8046,5912,3594,3183,264,474,311,2165,2.43252,2.43048,86802.8,86655.2,1379520
sub-118,1027,595,2290,1599,429,3287,4672,3694,1057,5036,3006,2959,1910,3597,778,1318,1744,792,1556,1477,4173,1321,5076,3685,810,6172,7079,5105,4465,5084,240,408,470,2242,839,759,2243,1886,430,2868,5129,3429,1059,5161,2875,3524,2037,4199,757,1505,1511,1114,1615,1788,4097,1330,4891,4165,546,6151,6923,5049,3839,4214,361,351,337,2525,2.53556,2.52437,89110.9,89501.4,1509450
sub-119,975,498,1964,1528,502,3524,5120,3839,1038,5351,2558,3106,1590,3282,667,1278,1557,618,1231,1629,4075,1021,4318,3183,774,5195,6697,4648,3668,3793,235,443,400,2501,948,618,1945,1668,436,2980,6138,3594,877,5596,2279,3078,1861,3523,647,1430,1289,800,1245,1654,3676,1069,3941,3112,652,5440,5928,4382,3443,3597,282,513,316,2347,2.64873,2.6104,82800.2,81280.3,1325810
sub-120,1035,595,2571,2171,562,3590,5086,4120,1223,5873,3290,4049,2175,3951,669,1746,1773,698,1728,2093,5123,1079,5740,5387,987,6652,9750,6496,4769,4966,286,618,478,2920,950,521,2118,2081,452,3999,5911,4141,1356,6252,3204,4026,2402,3993,648,1917,1616,1117,2178,2207,4655,1309,5641,5158,505,7974,9474,6288,4169,4687,337,590,336,3147,2.38494,2.38141,104016,105358,1716380
sub-121,1208,661,1959,1303,477,3037,4639,3072,912,4090,2710,2928,2013,2737,687,1508,1623,641,1117,1450,3862,1233,4807,3346,914,5293,7271,5074,4213,3208,258,435,452,2209,894,683,1830,1321,409,3042,5411,3024,775,4816,2423,3288,1816,3142,684,1770,1298,812,1316,1409,3492,1138,5171,3961,600,5078,6615,5552,3636,3323,259,490,304,2472,2.76388,2.71154,81347.2,82207.8,1448690
sub-122,855,548,2604,1896,293,3181,3842,3251,1190,6023,2998,3785,1703,3264,649,1264,1780,712,1449,1861,3904,1196,4337,3995,947,6163,7612,6331,4015,4530,310,475,373,2408,815,687,2111,1847,260,2983,5352,3202,1083,6262,2630,3690,1934,3967,653,1401,1351,896,1563,2209,4056,990,4656,4218,567,6081,7683,5856,3508,3077,286,415,270,2741,2.5679,2.53783,89744.3,89292.8,1578900
sub-123,923,460,1916,1370,524,3261,4243,3194,967,5047,2623,2758,1814,2936,672,1284,1461,611,1177,1384,3808,1265,4241,3928,648,5424,7279,5846,4147,3268,260,542,492,2454,876,613,2012,1411,367,3096,4760,3078,925,4949,2678,2709,1760,3175,625,1431,1137,790,1198,1615,3713,1183,4263,4149,612,5381,6845,5685,3975,3499,286,447,331,2183,2.57803,2.6181,82198.5,81751.9,1489970
sub-124,1194,656,2780,1541,423,3276,4991,3700,1225,5932,3269,3306,2236,4344,659,1295,1688,875,1681,1490,4213,1342,4890,4262,1010,7503,7813,5899,4628,4599,276,453,570,2527,781,938,2585,1669,397,3369,6091,4174,1040,5372,3008,3342,2289,4336,708,1334,1282,971,1566,1808,4167,1363,5136,4623,671,7528,7989,6018,4322,4017,340,478,432,2660,2.52442,2.52376,96543.5,96798.2,1684550
sub-125,1071,687,2563,1504,552,2921,4752,3632,1128,5408,2752,3325,2067,2943,746,1426,1508,705,1351,1603,4102,1148,4589,3763,842,6177,8041,5271,4045,4723,245,512,514,2427,928,959,2250,1564,486,3134,6855,3244,990,5292,2556,3064,1955,3479,597,1701,1322,876,1395,1556,4439,1363,4636,3966,654,6831,7023,5420,3541,3477,312,511,334,2687,2.49776,2.51218,89036.9,89385.8,1624390
sub-126,1069,624,2850,1445,357,3310,4064,3633,1214,4864,3267,3046,1930,3561,668,1226,1895,731,1558,1383,4276,1375,4974,3892,926,6429,7092,4526,4146,3943,243,436,447,2555,810,683,2486,1503,411,3156,5166,3668,897,4347,3210,3116,2137,3912,590,1427,1388,955,1571,1599,3949,1290,4865,4041,600,6712,7732,5150,3926,4024,334,471,347,2423,2.491,2.47298,87946.3,88893.7,1413480
sub-127,1465,716,2080,1824,335,3270,5411,3220,930,5251,3277,3289,1847,3585,685,1548,2336,894,1776,2168,4245,1480,4721,3779,985,6763,8546,5116,4790,4037,274,425,539,3041,819,1065,2121,1773,336,3392,6050,3784,1134,5467,3017,3723,1932,4157,701,1526,1366,1082,1566,2213,3795,1513,5168,4284,705,7260,7283,5350,4465,3619,346,468,380,3330,2.54629,2.53971,94595.8,95168.3,1587880
sub-128,964,620,2981,1322,577,3290,4259,2934,907,4847,2804,3117,1774,3044,715,1310,1575,725,1069,1479,4556,1481,5239,4037,816,5302,7143,5615,4613,5407,294,437,480,2571,887,668,2292,1576,493,3429,5426,3584,775,4858,2901,3445,2057,3642,622,1584,1617,931,1589,1550,3988,1332,4948,3931,547,6048,6892,5705,3557,3591,309,376,314,2319,2.48869,2.51094,88294,87783.8,1417910
sub-129,1423,526,1736,1497,447,2813,4672,3312,1071,4969,2588,3096,2000,3116,688,1315,1545,781,1353,1410,4496,1123,5049,4513,754,4745,6562,6123,4294,4478,253,386,418,2269,996,705,1224,1523,626,3140,4527,3525,1037,4043,2282,3606,1805,3158,610,1198,1239,999,1704,1861,4366,1115,3926,4339,555,6303,7091,5595,3703,4754,276,436,371,2745,2.66865,2.65407,85790,85370.9,1455690
sub-130,1339,676,2483,1653,448,3521,5182,3793,1166,5801,3510,3481,2388,3665,712,1685,1880,835,1496,1632,4928,1453,5562,4340,861,6236,8390,5658,4546,3962,322,487,519,3060,795,887,1998,2060,383,3224,5842,4036,1124,5788,3340,3794,2349,4089,699,1847,1514,1079,2079,1668,4508,1325,5350,4788,899,6932,7732,5215,4019,4427,277,491,433,2668,2.43303,2.46457,97651.6,97651.1,1732720
sub-131,1266,632,1977,1496,570,3104,5342,3494,1008,4963,3072,3434,2027,3597,625,1322,1609,805,1542,1615,4136,1183,4904,4121,1001,6611,7765,5199,4752,5258,239,606,366,2596,941,720,1921,1883,534,3230,6579,3556,1086,5255,2614,3967,2031,3691,616,1376,1599,803,1528,2028,4885,1044,4855,4262,789,6652,7761,5309,3734,4329,312,487,309,2674,2.49104,2.48528,92151.7,93354.6,1507870
sub-132,981,700,2065,1457,498,3034,4619,3511,876,4430,2941,2761,2085,3178,594,1630,1816,734,1515,1056,3941,1154,4626,3680,849,5074,7102,5391,3820,3768,246,416,433,2467,905,676,2176,1441,378,3362,5203,3472,838,4488,2643,2839,1915,3474,631,1619,1318,939,1447,1345,4096,1313,4575,3589,673,6008,7003,5314,3659,4073,269,450,352,2621,2.6228,2.62054,83343.8,85094.4,1486810
sub-133,1387,508,2439,1802,392,3718,5708,4205,1459,6172,2965,3721,2006,3934,724,1367,1476,817,1335,1872,4430,1028,5430,4896,1127,6589,8099,6753,4652,5280,242,477,465,2774,1065,1050,2327,1782,333,3526,7705,3595,1110,6118,2872,3676,2372,3864,750,1800,1449,743,1497,1889,4095,1476,5172,4930,815,5897,7690,7375,4068,4193,368,479,362,2698,2.56606,2.53249,100244,99140.7,1655250
sub-134,1135,463,2405,1519,411,3280,4503,3717,884,5026,3094,2906,1708,3332,659,1372,1634,900,1286,1404,4176,1201,5105,4396,1009,6089,7720,5550,4327,3928,259,481,514,2837,868,818,2195,1940,314,3306,5936,3869,809,5439,2856,2908,2159,3799,607,1758,1617,906,1895,1646,3538,1250,5137,4629,743,6017,7633,5208,3735,3037,319,581,371,2434,2.5162,2.51235,89222.5,90268.7,1425630
sub-135,1062,573,2322,1340,473,3928,5649,3917,1192,5451,3239,2416,1851,3455,622,1570,2253,797,1845,928,5115,1353,5893,4111,972,6541,8822,5537,4554,5042,265,534,575,3136,956,849,2104,1411,334,3629,6880,3965,865,4608,3480,2804,2308,4121,620,1709,1671,1099,2004,1303,4262,1506,5272,3822,742,7821,8025,5814,4562,4699,331,446,447,3337,2.52376,2.4832,97320.8,97796.5,1538820
sub-136,1168,541,2247,1632,358,2918,4818,3349,939,5213,2723,3363,1746,3422,616,1434,1783,630,1199,1380,3866,1395,4729,3684,836,5572,6863,5957,4159,4708,252,454,411,2430,1017,726,1581,1684,292,3165,5454,3265,826,5385,2945,3184,2064,3829,658,1345,1300,848,1475,1554,3588,1257,4705,4073,674,6352,6794,5346,3883,4327,345,418,345,2242,2.58561,2.58223,86794.2,86936.4,1403190
sub-137,1080,735,2642,1388,341,3802,5054,3511,1074,5239,2775,2456,1812,3103,809,1167,1515,693,997,1040,4262,1215,4788,3692,1080,5435,6795,4780,3321,3893,209,504,369,2122,863,555,2231,1269,317,3231,5934,2664,929,5506,2554,2874,1929,3578,725,1426,1784,843,1561,1289,3929,953,4467,3813,637,5731,6415,5549,3174,3856,292,433,266,2460,2.70353,2.70149,83688.3,84012.3,1517800
sub-138,947,900,2404,1452,371,2921,4252,3396,1240,4560,2780,3172,1773,3067,609,1240,1852,683,1433,1488,3847,1365,4559,3500,985,6006,7477,4823,3767,4213,275,447,504,2159,845,522,2179,1517,320,2613,5797,2865,920,4807,2807,3182,1610,3657,649,1423,1207,848,1432,1604,3495,1126,4419,3654,623,6512,8063,5418,3776,3232,268,380,301,2132,2.52241,2.53372,84446.1,84130.8,1403760
sub-139,925,859,2036,1712,407,3241,4146,3808,1233,6045,2893,3550,1991,3276,615,1300,2002,783,1760,1927,4010,1215,4927,4232,921,7028,6969,5564,3394,3633,297,417,389,2538,999,584,2249,1803,404,3200,5087,3252,1053,5955,2829,3769,2203,3379,586,1497,1727,966,1868,2057,3807,1248,4848,4355,536,7224,6769,5293,3734,3846,308,541,319,2281,2.64473,2.69664,90041.5,90573.3,1583990
sub-140,1077,568,2048,1361,508,3227,4311,3600,979,4847,2757,2927,1950,3265,767,1079,1642,706,1335,1300,4158,1082,3995,3474,864,5184,6774,5469,4141,4239,202,456,419,2467,1006,790,2223,1475,399,3448,6224,3431,756,4392,2560,2909,1946,3371,713,1312,1485,915,1721,1494,3585,1094,4175,3916,749,5184,6327,5236,3734,3780,320,363,336,2980,2.57061,2.52088,83091.2,84350.1,1531300
sub-141,1164,718,2742,1910,450,2904,4958,3146,1131,5528,2692,3665,1954,3292,656,1379,1554,695,1265,2045,4166,1351,5204,3893,882,5421,7195,5208,4305,4103,259,507,385,2456,1008,652,2379,1895,430,3456,5328,3607,1058,5161,2905,3727,2078,3927,598,1603,1414,812,1359,1997,4242,1221,5249,4013,618,6108,7130,5049,3763,3605,292,466,348,2236,2.53381,2.56096,89090.8,89651.1,1590200
sub-142,955,757,2022,1435,426,3209,4380,3293,1023,5918,3001,3160,2017,3219,611,1295,2095,794,1669,1676,3438,1188,4402,3560,867,6163,7253,4940,3790,4075,252,551,471,2320,940,1016,2222,1736,402,3180,5673,2978,931,5258,3136,3214,1901,3147,525,1291,1303,836,1666,1549,3691,1100,4725,3906,747,6302,6303,5014,3694,3184,294,427,323,2253,2.50227,2.50111,86223.1,84857.8,1453360
sub-143,1151,609,2635,1446,361,2977,4141,3296,972,4600,2550,3133,1750,3340,606,1192,1712,662,1272,1384,3812,1097,4660,3501,768,5425,7090,4760,3736,3680,284,360,420,2420,904,559,2262,1522,460,2756,5668,3006,920,5055,2296,3281,1844,3431,557,1118,1411,846,1916,1609,3750,1032,4455,3337,463,6195,6366,4146,3648,3058,314,446,314,2381,2.55438,2.52891,81656,81324.2,1329300
sub-144,1114,623,2636,1784,311,3093,4612,3221,962,5748,2717,3588,1899,3554,600,1507,1430,649,1153,1748,4601,1118,4346,4244,992,6141,7826,5824,3959,3951,258,397,364,2407,948,941,2053,1923,249,3292,4867,3238,1055,5351,2439,3793,2042,3734,584,1548,1328,906,1434,2071,4569,1365,4553,4112,682,6493,6928,4984,3973,4012,275,416,324,2587,2.48669,2.52945,89364.3,89039.5,1470140
sub-145,1131,589,1959,1423,470,2826,4399,3248,872,4617,2532,2703,1697,3163,569,1220,1641,685,1299,1333,3798,1017,4364,3518,841,5608,6404,5581,3623,3267,243,453,406,2387,979,727,1956,1451,451,2846,5204,3294,761,4353,2263,3303,1854,3289,563,1631,1206,712,1389,1820,3816,1239,4595,3284,557,5925,6565,5300,3410,3176,264,468,299,2347,2.45217,2.42115,79887.7,81292.5,1284390
sub-146,949,559,2155,1564,332,3114,4626,3513,943,6225,2930,3256,2017,3533,721,1547,1611,755,1651,1507,4162,1357,4987,4008,857,6625,7242,5935,4431,4784,273,374,509,2477,871,728,2103,1629,304,2985,5709,2696,901,6707,3106,3919,2081,3940,688,1585,1708,1098,1934,1780,4113,1200,4793,4406,670,6713,6505,6357,4113,4082,293,446,367,2435,2.60608,2.58658,91522.6,92956,1657810