SUBJID,Left.Lateral.Ventricle,Left.Inf.Lat.Vent,Left.Cerebellum.White.Matter,Left.Cerebellum.Cortex,Left.Thalamus.Proper,Left.Caudate,Left.Putamen,Left.Pallidum,X3rd.Ventricle,X4th.Ventricle,Brain.Stem,Left.Hippocampus,Left.Amygdala,Left.Accumbens.area,Right.Lateral.Ventricle,Right.Inf.Lat.Vent,Right.Cerebellum.White.Matter,Right.Cerebellum.Cortex,Right.Thalamus.Proper,Right.Caudate,Right.Putamen,Right.Pallidum,Right.Hippocampus,Right.Amygdala,Right.Accumbens.area,CC_Posterior,CC_Mid_Posterior,CC_Central,CC_Mid_Anterior,CC_Anterior,lhCortexVol,rhCortexVol,lhCorticalWhiteMatterVol,rhCorticalWhiteMatterVol,SubCortGrayVol,TotalGrayVol,SupraTentorialVol,EstimatedTotalIntraCranialVol
sub-02,8738.6,316.7,15838.3,55606.1,7805.4,3477.3,5409.2,2213.8,1522.5,2823.2,22389.7,4510.1,1638.7,676.1,9767.9,601.8,13647.2,56106.8,7023.3,3779.9,5628.5,2226.2,4448.3,2036,490.4,1078.3,678.3,533,553.1,1004,239850,242747,238281,236004,62124,657100,1041750,1506700
sub-03,8198.5,554.4,14780.2,62023.3,8306.5,3718.2,5064,2014.5,1431.7,1919.3,19498.5,4173.6,1940.7,495.1,6710.3,302.8,12789.2,59895.7,7189.3,3784.3,5730,2043.2,4235.1,2273.8,593.9,803.8,544.4,479.4,492.2,812.1,293183,290139,229510,224272,61207,768172,1117730,1608840
sub-04,4469.9,392.2,16892.1,62524.7,7672.9,3347.4,4891,1901.9,820.7,1743.5,20339.4,4092.5,1836,564.1,3253.4,320.3,15556.9,61307.2,7509.9,3188.5,4815.4,1784.5,4310.3,1897.8,599.7,830.7,485.2,607.2,497.9,701,256843,252336,223625,219418,58592,692979,1022850,1476610
sub-05,3850.1,207.4,16471.6,52831.9,8019.7,3630.6,5994.1,2371.2,625.4,988.9,21040.6,4717.3,1734.4,592.1,3338.5,189.2,15440.8,52746.4,7753,3621.2,5976.5,2369.8,4593.6,1687.6,583.1,1146.9,730.9,799.6,858.4,1139.3,266772,259404,259237,253817,64266,697304,1113510,1632500
sub-07,6270.4,376.6,15803.3,65100.5,8238,3635.1,5485.5,2148.8,1064.3,2733.3,22032.8,4482,2206.4,669.3,6779.2,614.9,14467.7,67870.8,7598.5,3871,5632.9,2146.7,5375.1,2217.8,642.8,825.8,531.9,726.1,586,847.1,268647,265970,230187,231051,64431,732926,1077410,1571870
sub-08,2800.5,161.2,16390.2,54012.9,7751.1,3461.4,4792.7,2117.4,825,1951.6,20746.1,4290.3,1597.5,500,2568.7,281.7,14775.4,52840.7,7267,3414.8,5075.9,1777.9,4368.9,1763.8,555.6,935.2,453,793.3,620.5,777.5,224950,222368,209323,207275,59000,614392,931308,1358020
sub-09,4328.1,287.4,14051.5,53930.6,6022.6,3125.8,4735.3,1860.1,1152.7,1735.2,19407.8,3826.4,1724.2,388.5,3831.8,292.4,13859,54433.8,6445.2,3150.6,4850.8,1492.8,4213.2,1643.9,443.6,763.2,511.1,422.6,442.5,795.7,209012,208329,190158,189603,53094,579586,860916,1247250
sub-10,2779.5,250,16028.4,60819.7,6858,3052.5,4957.6,1962.8,717.6,1852.9,21588.2,4029.8,1661.7,434.2,2832.8,436.1,14507.3,60013.6,6815.9,3293.3,4965.3,1753.6,4222.4,1729,574,1197.4,519,886.9,1022.2,851,255506,254898,221060,218110,56156,688004,1013950,1467860
sub-11,4877.8,468.2,15774.6,62658.5,7745.6,4149.2,5981.9,2167.6,800.8,1360.2,20751.4,4568,1889.8,587.9,5435.1,343.3,14534.8,61138.3,7645.9,4148.7,5811.6,2056.1,4707.5,2156,565,831.7,553.8,696.8,533.4,727.6,270705,268662,246206,246555,64703,728790,1110820,1701730
sub-13,3533.3,412,12880.7,55762.9,7769.3,3717.4,5800.2,2218.6,796.6,1576.3,18867,4425.5,1650.7,557.1,3400.8,294.5,12267,53887.1,7538.7,3856.8,5737.2,1927.6,4268.1,1690.3,593.8,892.9,531.2,687.1,606.2,736,238269,234004,202468,200990,61226,644019,947148,1417510
sub-14,5534.8,239.8,20446.2,68814,8059.6,3513.4,5539.5,2217.1,817.8,1658.8,23765.5,3963.8,1689.2,534.5,3958,264.9,18356.5,70240.6,7450.5,3723.3,5421.1,2012,3995.1,1688.7,543.4,913.7,596.8,726.6,505.8,1006.2,245528,239800,231856,229508,60403,686071,1019610,1474200
sub-15,8819.1,307.5,15980,62443.7,7327,3436.1,4201.6,1640.4,990.6,1945.7,21431.3,3637.1,1407.4,515.8,7650.8,494.8,15056.1,64002.9,6916.4,3434.8,4252,1602.1,3856.8,1610.1,594.9,946.3,462.3,412.9,462.7,844.6,249600,247399,205856,203027,53374,678063,979750,1441660
sub-16,9399.9,491.5,19254.3,72706.3,7867.9,4472.7,5394.9,2400.2,1184.5,3613.4,24596.7,4052.3,1933.2,621.9,9926.9,390.1,16723.9,73090,7600.9,4590.5,5537.1,2141,4439.4,2044.9,586.8,1202.8,778.7,606,666.1,1141.9,270598,272966,261698,261988,64641,754148,1155010,1708970
sub-17,6264.3,610.4,18609.7,63614.8,8893.2,3890.1,6032.7,2250.6,1115.7,1329.1,24952.8,4530.5,2038.7,492.8,5764.5,260.9,15817,66458.6,8201.7,3966.6,6234,2087.2,4932.4,2378.1,561.4,760.9,455.2,564.2,651.6,791.3,298442,295810,247776,247982,67585,793528,1174620,1764830
sub-18,9251.6,280.3,16674.8,68554.2,7439.2,3788.9,5209.4,1941,1310.3,1970.8,21587.6,4334.9,1703.1,503.2,8375,525,15615.4,67487.8,7047.4,3609.2,5136,1721.1,4508,1740.3,416.4,974.7,500.7,427.7,522.6,991.4,253871,248796,231898,228124,59435,698308,1043590,1620450
sub-19,10379.3,452.7,15800.8,55267.7,6860.5,3513.7,4673.9,2245,989.4,1347.9,18485.6,3713.9,1441.4,463,6292.1,614.2,13611.6,55636.2,6405.6,3541.3,4602.9,2257.3,4051.9,1693.1,529.1,729.6,369.9,352.7,393.6,915.6,234114,233715,211783,213390,55740,635767,970526,1358450
sub-20,4738.7,275.5,18432.8,64742.4,9022.9,3684.7,6110.1,2417.7,1005.9,1520,23280.6,4158.3,1721.2,705,5584.2,261.4,17508.5,67316,8551.3,4058.9,6271.4,2104.5,4058.8,1934.7,768.9,980.8,553.7,675.1,760.4,904.4,281601,278492,258190,260489,67256,763226,1163040,1713500
sub-21,23160.4,462.1,13249,55446.6,8279,4242.7,5871.8,2051.5,1057.4,2222.4,18819.9,4228.4,1761.6,468.1,20655.7,714.3,12847.3,55689,7248.6,4282.7,5903,2182.2,4309.8,1814.2,604.2,1116,445.9,442.6,468,1065.2,262217,265288,230818,225114,62824,702820,1096690,1629750
sub-22,4253.1,255.9,17442.1,62101.7,7881.9,3663,5822.9,2179,1228.6,1431.1,21684.2,4040.2,1514.7,464.8,3191.3,138.7,15347.5,61017.5,7832.4,3519.6,5409.1,2095,4035.7,1661.7,556,535,280.5,511.9,482.6,750.1,256872,256350,209992,208478,60503,697717,1002600,1457620
sub-24,7950.4,458.5,17725.5,65841.8,7751.6,4247.5,5298.6,1985,1501.4,1737,21765,4541.4,1728.9,563.4,5511.3,400.9,15317.7,65142.7,7727,4186.2,5372.2,1940.5,4677.8,1857.7,577.3,1025.6,646.3,841.5,1028.9,1037.9,277739,280830,258310,255958,62781,752935,1152360,1684400
sub-25,13844.2,570.2,16352.4,59628.8,8477.2,4088.1,5479.7,2353.2,1361.7,2462.6,22519.9,4165.4,1591.7,557.7,8632.2,439.4,16313.5,61218.1,8461.2,4080.9,5355.4,2122.6,4538.5,1752.8,562.9,1097.2,570.8,478.1,465,995.7,268163,272328,247557,245118,63981,726683,1124060,1656240
sub-26,8544.7,318.1,15127.2,57763,7036.8,4293.6,4768.7,2150,793,2168.3,20375.5,4302.9,1808.6,446.3,8264,492.5,14405.6,58000,6516.2,4311.4,4882.8,1873.3,4209.5,1965.7,507.4,1089.1,484.1,453.7,485.5,972.3,242593,244315,218356,216170,58689,662082,1000090,1505280
sub-28,11886.3,449,15375.4,61308.8,7737.2,3675.9,5464.8,2107.7,1976,2117,22926.5,4009.3,1766.7,584.4,9913.1,514.4,13694.4,60385.8,7739.8,3843.1,5363.8,1830.4,4136.5,1842.4,502.6,761.2,542.6,507.4,582.1,767.6,276573,277011,240673,238215,61646,738676,1120710,1431470
sub-29,3910.1,455.8,16726.3,64195.8,8057.7,3450.2,5251.6,2231.9,890.5,1770.6,20092.3,4133,1784,489.4,3425.2,268.4,15278.2,64426.1,7712.5,3504.7,5279.5,1986.5,4353.7,1808,473.8,699,385.9,635.1,614.5,890,247638,245172,220910,221100,61013,682803,1006470,1478850
sub-30,6598.9,497.3,14850.5,54697.4,7185.5,3334.4,4593.9,2037.3,750.5,1919.9,18847.8,4306.1,1658.1,497,5752,394.5,13084.8,54439.8,7095.9,3354.3,4870.7,1837.4,4525.8,1791.1,582.8,841.1,534.5,426.7,431.1,854.2,253956,253325,211618,209292,57447,675310,1002240,1494740
sub-31,7186.6,352,17043,63466,9568.3,4253.5,6354.6,2345.1,928.9,1656.8,23004.4,4899.7,2387.5,682.6,7441.5,346.1,16646.7,61060.8,9020.8,4226.8,6101,2079.3,4968.9,2486.3,699.3,1163.3,734.3,534.5,630.7,1086.2,305837,299124,286452,280534,71427,802718,1262940,1609620
sub-32,3993.9,229.7,21158.9,73417.3,8328.5,3885.2,5611.7,2032.9,1131.7,2461.6,26035.5,4469,2000.7,548.3,5850.2,240.3,18939.8,74674.1,8134,3922,5771.1,2039.1,4679.6,1970,535,898.7,576.7,692.2,668.1,797.6,299220,298256,274189,269403,64940,811480,1219460,1754790
sub-33,8424.1,421,15477.4,56266.3,7495,3627.2,5814.2,2006.8,1402.8,2009.1,19776.3,4462.9,1564,596.1,7216.5,488.1,14620.6,55814.4,7353.7,3713.4,5678.4,1820.9,4441.3,1768.8,578.2,959.6,563.4,466.1,483,774.2,260622,259983,215563,216115,61237,694871,1034240,1559670
sub-34,10042.2,317.9,17078.3,56296.2,8408.8,3747.2,5210.3,2514.2,1132.3,2351.3,22513.3,4111.7,1819.8,532.7,10418,398.1,16178.5,58470.7,8029,3754,5167.1,2543.5,4295.3,1733.1,495.7,1015.2,580.9,479.3,498.5,1080.1,218155,223513,219157,220096,62957,620078,967853,1458800
sub-38,5312.1,343.5,13738.8,51578.1,7218.7,4030.4,4854,1734,968.2,1435.6,18361,3690.4,1746.2,502.2,3977.4,375.8,12258,50715.1,7340,4071.6,5071.5,1716,4214.6,1829.2,623.1,841.1,491.3,603.1,596.3,775.4,253009,254875,215409,214135,57687,669048,1008170,1461750
sub-39,6723.6,347.9,14482,54399.2,6441.2,3506.5,4789.8,1968.8,713.6,1654.5,19882.1,4259,1546.8,483.2,5452,481,13756.8,55422.9,6687.8,3554.3,4634.7,1736.6,4253.6,1533.9,472.8,1023.2,643.2,655.5,626.6,1117.5,229430,227870,202226,199726,54980,622589,930447,1371080
sub-40,13131.7,582.3,15632.6,61273.2,8208.9,3638.6,5837.9,2151.5,1990.5,1989.9,22169.8,4386.4,2057.7,612.9,18503.6,483.2,14719.5,61782.1,8304.9,3440.1,6026.4,1996.5,3979.2,1952.9,537.4,1090.8,400.7,419.7,411.2,921.7,270711,269986,251283,251859,63477,728207,1143550,1774550
sub-41,4536,269.7,16082.6,67699,8594.2,3231.7,5946.7,2012.5,960,2073.9,21340.4,3858.4,1691.1,692.3,5562.2,384.1,14301.7,67139.3,8319,3396.1,5678.5,1872.2,3821.2,1926.4,647.2,1392,623.7,813.5,815.3,1071.8,271297,269330,256299,254922,62319,737701,1127460,1683370
sub-42,6976,97.1,14343.6,53926.3,6737.7,2932.5,5575.2,2053.8,749.9,1266.6,19256.8,3530.7,1585.2,459.2,3304.2,294.8,14069.6,53422.8,6921.2,2777.4,5577.6,1722.7,3851.1,1638.5,573.4,819.1,510.9,612.2,445.8,706.7,246135,249830,208281,209506,54911,658932,981613,1369840
sub-43,7181.6,681.7,14131.3,58707.5,9113.7,4089.5,6310.5,2673.5,901.6,1687.2,23674,4695.1,1907.9,608.6,6364.3,861,14309.2,59678.9,8585.7,4146.4,6062,2307.8,4610.2,2084.9,683.9,1175,788.2,717.5,1009.3,1046.3,274209,270130,268089,268312,69558,733249,1169160,1728400
sub-44,5086.3,158.3,18172.8,60711.2,7877.3,3394.8,5109.5,2100.5,742.9,1664.8,23595,3945.4,2100.5,547.8,4279.4,305.8,18013.4,61181.7,7602.7,3413,5132.5,2032.9,4354.7,2085.6,623.8,1177.7,633.9,687.5,619.4,877.4,252362,257259,242061,241947,61527,693609,1067510,1503130
sub-45,4409.3,404.9,16309.8,56990.7,7571,3992,5448.5,1986.6,729.1,1286,22744.1,4125.8,1551.9,638.5,3725.1,352.2,15811.3,59137.8,7747.1,3974.5,5745,1869.3,4240.6,1659.8,612.1,587,344.8,688,643.5,1012.5,250188,252967,234963,234934,61342,681319,1045700,1457440
sub-46,10116.6,425.2,14974.1,60139.3,8316.7,3338.7,5533.9,2125.9,1153.9,2761,21292.6,3951.3,1666.8,550.9,8504.5,311.8,14599.8,61709.6,8125.5,3478.5,5533.3,1984.7,4188,1832.8,564.7,970,668.9,699.5,753.3,998.1,253964,253209,230194,229435,60955,690553,1049910,1598870
sub-47,4065.7,556.1,12966.1,51219.3,7975.1,4112.9,5519.8,2024.7,659.6,1593.3,18774.4,4396.1,1626,637.7,2964.4,269,12300.3,52443.6,7138.3,4011,5586.8,1961.5,4449.7,1947,693.9,929.3,528.9,592.2,500.9,870.9,248548,247540,205180,206240,61789,661076,978776,1169190
sub-48,4260,423.6,15781.9,59812.5,8322.9,4015.9,5350.9,2044.1,1187,1785,20589.7,4719.8,2004.7,648.8,5883.9,209.2,14384,61132.7,7620.3,4050,5320.7,2130.8,4917.7,2319.5,668.5,1052.8,572.4,665.2,556.4,952.5,282038,285187,269088,268429,64821,753920,1183870,1788120
sub-49,3915,390.8,13687.2,55680.7,7116.4,3258.5,5739.2,2182.8,914.5,2096.8,18564.6,4268.3,1547,634.8,3137.3,522.3,13633.2,54194.5,6666.9,3320,5905.7,1996.1,4379.5,1707.4,599.3,723.5,442.5,599.7,445.2,559.3,231523,233613,194027,194459,60002,635964,924234,1469570
sub-50,4563.9,536.2,17768.3,53591.4,9288.5,4816.4,6057.7,2508.7,767.5,1742.2,23218.5,4462.3,2106.9,829.5,4372,503.1,15435.5,52992,8067.6,4535.3,5987.1,2234.5,4425.3,2110.6,847.8,1285.7,798.1,808.3,774.1,1298.9,283104,277646,281489,277984,69116,737142,1201620,1680780
sub-51,6671.3,269,16598.2,68345.3,8617.4,4069,6418.7,2305.5,704.7,2205,23367.8,4591.8,1663.6,597.5,5754,446.3,15246.2,69298.2,8870.7,3993.6,6399.2,2246.4,4602.2,1937.7,687.6,1015.6,556.5,639.5,540.6,939.6,261373,257231,213012,209122,67496,723953,1024070,1563250
sub-52,8392.5,318.4,15279,55070.7,8575,3557.6,5851.3,1931.9,1255.7,1347.4,20602.1,4632.3,1884.5,520.5,9252.2,410.1,14157.4,55911.7,7903.1,3641.4,6035,1844.7,4507.1,1988.6,726.2,986.4,595.1,670.8,736.5,822.5,285212,281421,246767,241106,63362,741799,1139250,1702020
sub-53,4665.8,428.1,15939.4,59595,7942.3,4053.6,5110.8,2274.5,837.1,1778.4,22161.4,4061.6,1629,422.6,4865.6,319.7,15633.2,61275.3,7800,4066.3,5149.8,1989.9,4198.6,1803.4,537.9,1055,487.4,716.3,572.5,884.7,249408,249785,232349,233509,60735,682324,1039410,1601280
sub-54,5111.4,156.3,16749.2,62673.6,7404.5,3660.4,5328.7,1860,872.4,1706.6,20475.4,4604.3,1696.8,594,4145.8,360.4,16985.1,61833.1,6709.2,3856.3,5484.3,1856.1,4423.6,1687.6,620.9,827,500.7,596.9,473.5,801.9,261826,257314,221769,217971,58837,703445,1030200,1460090
sub-55,18387.6,848.7,17094.5,68926.9,8730.7,3964.7,5458.3,2151.6,1475.3,2168.4,23534,4685.4,2066.2,503.4,14292.1,645.3,16109.6,69399.6,7974.4,4141.6,5897.5,2058.7,4800.9,2396.9,640.2,1148.2,620.9,513.4,739.1,1016.6,328952,332872,280156,282612,66531,867931,1329540,1935070
sub-56,6454,574.4,16244.7,63168,8668,4112.5,5473.9,2214.9,1146.1,1350.1,23232.6,4853.5,2162.3,506.1,7695,391.6,16045.3,64614.1,8479.3,4113.6,5553.2,2160.1,5207.3,2301.2,599.2,907.9,442.3,564.7,490.9,1063.1,334533,336876,264789,267346,67344,866841,1288370,1860830
sub-57,5560.7,427.1,15097.3,58071.9,7423.5,3894.6,5611,2145.8,1061.7,1999.3,19607.2,4196.5,1446.5,474.2,5741,401.6,14473.8,60064.6,7079.9,3977.5,5550,1951.9,4170.2,1634.3,523.9,1035.9,529.2,546.4,499.5,739.7,248781,248698,205857,205775,59580,675810,983892,1451900
sub-58,3447.2,524.7,17351.7,58413.6,7785.7,3942,5540.5,2089.6,935.7,1232.4,21337,4622.5,1533.6,796.6,3680.8,331.4,16332.4,58919.4,7847.4,4097.8,5220.2,1903.7,4216.1,1774.7,783.2,959,502.5,552.9,485.7,600.1,272144,273734,215818,217145,62867,727176,1052550,1512340
sub-59,7999.7,275.7,12658.5,56292,6903.9,3336.6,5409.9,1848,1120.8,2082.3,17191.5,4050.4,1236.4,550.1,5685.8,488.7,12401.2,58617.6,6573.8,3413.8,5490.9,1565.2,4287.9,1719.3,550.8,974.9,551.8,668.5,710.3,799.9,259466,253937,192621,188254,55347,684800,967270,1420350
sub-60,12108.2,329.7,16192.4,55417.8,8216.4,3305.6,5263.5,2251.4,760.5,1713.3,20275.8,4697.8,1832.2,505.8,10125.2,426.3,13486.6,56676.8,7788.6,3564.8,5500.8,2004.3,4510.3,2016.1,542.3,1222.2,627.6,437.5,470.8,915.6,268016,263526,272709,268424,62272,707846,1161540,1711430
sub-61,10973.8,529.4,11575.1,49243.9,6347.8,3123.4,4376.8,1905.1,1232.7,2042.1,17162.6,4110.4,1687.5,398.4,10333.1,580.3,11556.3,48924.5,5936.6,3213,4363.8,1700.3,4048.9,1613.8,449.6,1110.3,586.4,467.1,650.4,926.7,249553,247326,210849,207793,51990,647593,992020,1517670
sub-62,3768.1,547.3,16790.4,65970,7064.7,3241.5,5540.9,2360.4,1185.5,1361.6,21687.1,4125.1,1728.7,598.9,2797.9,526.2,15052.3,67111.4,7344.1,3086.2,5333.1,1941.4,4359.5,1912.3,666,940,582.6,712.8,623.2,911.4,253686,252407,243224,238542,60268,700133,1058990,1574310
sub-63,5204.5,206.5,15102.3,63331,8665.3,3958.6,5357.1,2016.9,935.9,2747.2,22948.5,4550.5,1889.5,636.6,3746.3,221.4,13377.7,64188.9,8216.6,3914.3,5669.2,1768.3,4966.6,2045.9,676.7,1121.6,646.3,1011.6,1022.5,1066.6,265905,267831,257486,255234,65575,727009,1123710,1576670
sub-64,8165.4,314.7,13964,51911.5,7488.5,3387.6,4695.5,2012.7,970.6,1511.3,19112.8,4623.7,1831.1,527.6,6193,635,12743.6,52327.3,7310.8,3526.2,4623.5,1937.8,4355.3,1963.2,555,905.3,540.8,632.9,519.4,827.2,247787,246738,214327,216773,58813,658761,1003210,1528550
sub-65,3413.1,133,16037,58673.8,7773.4,4087.9,5906,2177.8,717.4,1849,19802,4470.4,1824.3,613.1,4097.5,422.2,14184.2,59601.4,7495.8,4227.4,5945.8,2073.3,4462.9,2190.5,636.8,929.2,551.9,561.8,546.6,788.8,246326,249726,207010,207396,64562,679308,985741,1469020
sub-66,8200.7,274.2,15273.3,64532.4,8257.2,4404.6,7352.4,2234.7,869.4,1465.8,23294.5,4953.4,2091,775.1,6552.4,277.3,14457.6,65391.1,7789.9,4522.6,7599.6,2172.9,5263.9,2305,710.3,1001.5,701,575.9,586.1,1026.3,308397,306868,263509,268608,71752,818893,1239650,1770240
sub-67,9163.7,383.8,14944.8,53171.6,7235.2,4435.3,5147.2,2286.7,1237.8,1347.7,22113,4530.9,1825.7,475.1,8198,275,13683.1,54797.4,7171,4344.4,5300.4,1906,4557.4,1732,570.9,1161.7,651.9,572.5,524.2,1155,265204,268396,236552,237080,61978,704274,1091100,1516120
sub-68,7175.7,219.3,14666.2,57893.3,6678.2,3332.2,5440.9,1970.9,1029.2,1957.7,19267.1,4088.2,1839.4,541.7,5735.7,325.8,13533.2,57818.8,6877.4,3334.5,5228.2,1731.9,4182.1,1876.6,593.5,925,597.9,500.1,600.4,847.3,242801,244014,224826,224492,57520,660867,1009480,1443390
sub-69,8161,351.4,14036,56658.6,8910.1,4103.3,5608.7,2110.3,1313.7,1845.6,22736.4,4278.2,1607.3,650.7,16160.2,901.5,13023.8,58664.9,8186.1,4253.8,5567.6,1826,4235.5,1975,618.1,859.6,582.4,517.7,534.7,957.4,281062,281314,251278,254080,64565,743588,1161400,1792040
sub-70,10643.5,297.1,15187.3,65104.7,9045.9,3663.5,3836.1,2155.3,1421.5,3414.2,22033.9,4104.8,1998.5,534.5,11156.5,491.4,14324.2,67867.2,7998.1,3879.6,5160.4,1880.8,4075.4,2096.4,582.4,869.2,460.7,365,414.2,792,288492,286561,239807,235675,61267,770202,1137050,1655730
sub-72,3437.4,387,13414.4,48505.6,6777,3284.1,3984.5,1936.9,716.5,1349.9,19610,3693.4,1547.5,598,3127.9,289.2,12455.1,48593.3,7177,3258.8,4150.7,1780.4,3906.1,1656.6,612.7,918.2,488,622.5,672.2,701.7,247391,242551,211964,209148,53889,641367,973942,1442320
sub-73,7501.6,460.8,15939,56451.1,7869.8,3855.6,5018.5,2208.7,1105.9,2479.7,19854.5,4272.5,2023.3,502.7,6197,165.5,14982.9,57541.2,8467.2,3915.2,5119.8,1834.4,4489.2,1899.6,667.6,1036.4,542,565.1,560.4,1034.3,270245,266387,236059,232948,61814,714059,1085090,1631780
sub-74,2581,218.9,16718.5,56333.7,6993,3064.8,3204.4,3115.5,549.3,1233.1,21195.4,4117.8,1804.4,384.9,2210.7,148.2,14874,58469.8,7195.2,3212.7,3154.8,3083.5,4305.1,1768.7,414.9,1013.5,598.5,688.6,592.6,836.6,236008,236574,211294,210163,56326,643420,957082,1429590
sub-75,6784.9,341.3,11886.7,51696.1,6330.8,2920.8,4387,1741.2,997.3,2011,15255.9,3778.3,1633.7,436.3,8303.9,527.2,10660.5,50566.7,6293.4,3093.3,4493.4,1560.8,3883.4,1605.1,496.3,843.6,444.9,361.7,384,832,243200,244164,188821,189302,51535,642054,935524,1349580
sub-76,5144.8,630.7,17068.2,57935.8,8138.2,3889.8,5088.1,2158.1,1096.1,1235.8,20416,4442.8,2034.8,551.5,5575.4,479.9,15213.6,59040.2,7424.9,3861.6,5000.2,2075,4420.5,2184.8,623.8,1000,546.4,672.7,795.8,1059.3,292891,290430,255834,252604,61974,764488,1169520,1704380
sub-77,4245.3,295.2,16832.6,62143.2,7964.2,4148.2,5285.5,2471.8,921.9,1564.3,24331.1,4790.4,1980.4,565.4,5818.9,470,15887.6,63142.9,8227.6,4429.9,5329.9,2175.9,4730,2077.1,547.3,874.5,512.9,514.2,564.6,804.1,274087,271317,243840,237870,66011,737240,1106420,1632890
sub-78,2912.9,281,14851.8,57684,6892.4,3318.4,4552.3,2140.9,749.1,1405.7,20629,3925.6,1617.4,326.2,2680.5,190.9,14899,55366,6806.2,3316.3,4910.2,2078.4,3966.4,1514.7,395,898.6,578.2,797.7,663.9,670.2,237345,237457,212850,208312,55616,644893,960790,1415490
sub-79,3412.5,191.8,19735.4,63320.6,9271.1,4344.4,6424.3,2514.9,774.9,2719.2,26864.5,4822.2,2168,592.9,3818,230.9,18498.5,63961.8,8881.9,4681.9,6359.4,2296.1,4908,2076.6,700.1,870.8,741.7,1042.7,1093,1020,292155,284567,303494,300800,72262,777882,1263950,1769780
sub-80,3869.9,379.5,14494.5,61389.8,7680.3,4570.6,5959.1,2114.7,794.3,1751.3,21769.3,5033.8,1827.9,651.4,3950.9,228.5,13835.5,60338.9,7877.6,4405.5,5713.6,1941.3,4667.8,2013.2,804.1,769.9,421.2,607.7,640.5,999.8,268553,270451,238240,237687,65963,727022,1092190,1535510
sub-81,15412.6,639.9,17108.6,55500.1,8635.4,3422.2,5487.5,2119.5,1439.4,1873.2,23243.6,4262.5,1715.7,541.6,15278.1,515,16169.9,54722.9,7883.7,3615.5,5636.5,2143.8,4286.6,1900.7,544,920,509,447.5,481,1055.6,269466,268722,255932,255455,62792,712381,1147650,1710520
sub-82,4680.3,219.6,17003,61497.2,7918.6,4220.8,6247.4,2329.3,866.7,2008.8,21072,4672,1969.8,501.8,5520.5,319.6,16435.8,63011,7466,4398.1,6394,2251,4439.2,2362.4,550.6,899.5,484.3,643.9,533.5,970,260951,257900,226623,223167,66095,710591,1048360,1423760
sub-83,3290.4,318.9,15567.2,54562.9,7643.5,3013.8,5195.8,2195.6,650.1,1848.6,21081.5,4175.9,1560,498.2,3119.5,449.7,15163.8,54521.7,7770.7,3128,5158.9,2023.2,4401.2,1659.2,549.7,946,431,721.6,748.5,803.1,244224,243208,236712,234143,59145,656285,1027170,1463280
sub-84,9293.8,306.2,11834.4,52163.8,5838.5,3388,4383.5,1880.8,885.9,1766.7,16115.6,3655.1,1485.8,421.2,9427,260.6,11497.2,52523.8,5826.7,3430.3,4273.5,1557.1,3789.8,1513.4,469.6,750,393.8,333.4,394.4,890.6,224144,221498,181700,177664,50333,601737,877681,1348020
sub-85,3477,274,15926.3,60256.7,7569.1,3372.5,4847.7,1938.1,850.3,1411.8,21721.5,3902.6,1609.4,514.8,3231.5,419.4,14456.7,59411.1,7586.1,3293.4,5025.9,1825.9,3915,1756.1,562.9,853.3,476.3,622.2,529.9,918.4,252362,252879,215998,212904,58242,683447,1002210,1478560
sub-86,6877.8,264.9,15753.9,59389.7,7221.2,3426.6,4837.2,1906.9,1109.6,2534.6,20781.4,4180.4,1663.9,639.7,5485.4,199.1,14532.4,60140.8,6892.1,3587.4,5002.1,1772.8,4182,1852.6,636.4,959.6,474.1,428.9,533.9,889.7,256407,252396,233655,227956,58375,687196,1044060,1265440
sub-87,5977.1,375.2,19576.2,60302.3,9295.2,4025.5,5780.3,2561.1,736.8,1382.5,22702.6,4892.9,1996.8,660.2,5148.8,335.1,16503.3,61137.4,8812.7,3970.5,5498.4,2336.2,4929.8,2311.4,728.3,1195.9,776.1,594.8,582.9,1152.3,255700,255919,303842,299134,69810,705207,1201670,1706370
sub-88,6460.4,341.2,12858.4,51210.1,6882.4,3199.7,4466.6,1673.1,984.9,1880.4,18660.8,3518.1,1527.2,548.4,6424.9,281.5,12491.3,52169.1,6548.3,3252.2,4401.3,1439.7,3522.1,1583.5,514.7,932.2,565,458.2,422,965.9,227581,224919,213169,209102,51839,608534,941763,1238690
sub-89,4065.9,389,15532.4,68820.9,7971.8,3588.3,5026.2,2116.7,1096.7,1178.3,23176.5,4638.7,1443.7,594.3,2909.1,379.2,15669.3,69750.8,7714,3403.7,5187,1777.8,4205.8,1664.5,672.3,956.2,495.9,789.9,664,743.6,266469,261846,225170,219584,60549,728248,1044690,1591850
sub-90,10140.1,489.1,14911.1,58824.3,8281.1,3809.3,4873.1,2086.7,1055.7,1985.2,20924,4900.9,1759.6,599.3,6485.1,380.4,14442.5,60815.3,8328.7,3798.8,4923.2,1950.5,4971.9,1919,689.4,1012.3,571.3,620.3,571.8,1111.3,285150,288807,264140,263850,63709,758419,1186330,1785470
sub-91,5692.3,287.6,14231.3,54884.1,7621.8,3652.5,5178.1,2002,1012.5,2344,19682.6,4599.9,1848.9,638.9,6752.8,500.3,14186.5,56577.9,7408.4,3868.6,5391.4,1668.9,4543.4,2147,609.1,994.6,582.9,583,709.8,939.9,268397,268051,245248,246148,60701,709453,1104150,1576230
sub-92,7910.7,361.9,18522.7,60441.8,7598.5,4239,5644.4,2105.6,1014.4,1919,20427.7,4800.8,1838.2,511.7,7871.6,526.3,15078.1,60986.7,6791.3,4546.4,5679.8,1996.5,4158.6,2395.2,659.9,686.3,414,433.9,424.8,960.4,289332,282307,247841,245183,63335,757563,1148300,1691200
sub-93,10564.8,395.7,14954.9,61461.5,7334,3600,3379.9,1604.5,1229.8,2438.9,19435.7,3700.2,1771.1,655.6,11374.5,444.2,14297,59904.2,6317.5,3833.9,4819.4,1651.9,3677.5,1740.5,655.6,1020.2,479.6,480.4,486.2,895.2,238280,241484,207262,206549,54848,657070,973925,1486540
sub-94,6362.9,486.6,14658.3,51637,7769.7,3746.2,4961.3,2146.7,794,1631.5,21465.6,4095.8,1880.1,524.8,6069.3,320.9,14562.8,52411.2,7450.6,3939,4847.7,1927.7,4162.8,1696.3,537.8,1414.9,838.4,830.6,863.8,1068.7,237899,237004,253277,250005,59853,639397,1053990,1460710
sub-95,4797,228.9,13260.9,55058.8,6401.5,3734.8,5265,1878,878.7,1753.6,18034.6,4045.8,1560.1,512.3,4432,311.5,12576.8,55366.2,6748.3,3645.3,5380.5,1629.4,4073.6,1703.4,597.5,922.6,466.7,549.6,513,921.9,231893,232716,192184,190393,56582,632024,915644,1430970
sub-96,3856.4,472.6,15169.7,54656.4,6652.6,3585.2,4672.6,1764.3,914.5,1152.4,20219.4,4193.9,1559.9,580.1,3537.7,335.2,14656.5,56734,6519.1,3698.1,4698.4,1626.7,4168.2,1821.6,547.2,854.7,419.1,449.3,504.4,688.6,236986,237272,181998,181157,55305,641808,903534,1329890
sub-97,4541.9,415.2,16017.2,65843.4,8426.4,3982.4,5972.4,2246.9,901,2076.5,23003.7,4214,1661.3,631.9,4052.1,352.7,15206.7,67142,8465.9,3821,5967.4,2000.3,4478.7,1988.2,683.7,921.8,516.4,729.9,766.7,1025.4,255468,261783,226611,225397,64950,715338,1045870,1628390
sub-99,4974.6,519.9,15768.4,67320.9,8556.8,3750.6,4412,2004.5,991,1753.3,22633,4678.1,1772.1,582.3,3612.1,241.5,14922,71123.4,7540.4,3781,5282,2066.9,4708.7,1878.3,645.2,1028.1,554.8,756.2,493.3,1034,306850,301244,256758,253804,62483,809165,1192380,1600500
sub-100,3337.4,253.3,14497.9,59175.3,6915.4,3282.5,4494,1893,798.9,1650,17541,3644.9,1628.4,594.3,3063.9,187.5,13648.6,59952.8,6548.7,3304.8,5020.4,1688.8,3943.1,1617.2,623.1,764.7,367.5,488.7,414.2,867.1,242284,246095,198184,198698,54026,662457,949308,1408510
sub-101,4058.9,382.5,15209.2,62512.4,8292.3,3582.4,6163.5,2189.6,983,1523.1,21978.3,4296.3,1835.9,574.1,4154.6,386.3,14592.4,64291.5,8219.9,3645.7,6357.5,1973.3,4191.3,1910.6,590.3,845.8,461.3,606.8,643.5,949.4,266658,270213,243796,245576,65033,729753,1103760,1590130
sub-102,5646.3,375.9,14866.5,50835.5,7732.9,3467.1,5035.2,2156.4,727.9,1416.4,20028.4,4179.3,1775.3,613.2,5458.6,185.1,14091,52110.5,7433.3,3649.9,5198,2047.9,4193.5,1803.7,550,891.9,571.1,534,624.2,862.2,260323,260065,231841,232899,59014,684598,1059990,1512890
sub-103,12116.7,509.3,18776.3,68876,8153.9,5065.4,5706.1,1993.3,1358,2264.5,22541.9,4058,1864,648.6,12860.6,314.7,17222.1,70961.2,7539.9,4780.4,5714.9,2131.8,4355.6,2127.9,537.9,898.1,598.2,446.9,476.8,1024.5,252964,254659,242042,245506,64832,714502,1089950,1780520
sub-104,6761.4,534.7,13481.9,53750.2,7331.9,3946.8,5221.4,1767.5,1374,2279.3,18799.2,4083.3,1369.2,581,6223.2,358.7,12685.5,51996.7,6687,4082.5,5275.2,1788.9,4163.6,1620.8,590.7,855.7,560.7,446.8,601.5,744.3,240505,243661,201556,201804,58158,648912,962597,1227540
sub-105,6434.5,331.3,16398.9,62063.7,7885.6,3748.7,5503.3,2069.5,959.9,1853.5,19723.7,3712.5,1440.6,586.6,6232.3,312.9,16455.3,60033.2,6912.2,3804.1,5482.3,1807.8,3982.1,1708.6,585.4,1130.5,616,612.4,586.9,802.1,254216,247729,253712,249445,59393,684655,1080540,1481180
sub-106,9670.7,572.8,15397.7,62008.9,7633.8,3979.9,5103.2,2325.6,1020.1,2201.6,21508.1,4576.6,2149.8,588.7,12082.5,497.1,14216.7,62614.3,7652.6,4122.2,5109.3,2180,4276.6,2108.9,637.4,1157.9,703.6,513.3,599.4,1239.7,279548,289144,259195,263241,62412,756376,1178870,1755440
sub-107,8108.7,390.2,13854,57497.5,9015.8,3689.1,4077.7,1896,1466.5,2066.8,18711.5,4131.9,1863.8,594.6,6464.1,174.4,12625.4,57783.3,7246.6,3845.7,5543.2,1904.4,4125.5,1714.1,638.9,538.5,436.6,469.2,442.2,811.8,260738,262852,203176,204516,59381,699020,1008870,1531690
sub-108,4204.3,288.8,17837.5,59180.7,7943.9,4647.1,5996.1,2371.3,745,1633.2,23771.2,4591.7,1821.9,772.6,3442.8,350.1,17780.3,61751.2,8139,4799.4,5940,2158.6,4579.7,1960.1,718.9,1168.4,783.1,895.6,825.6,1019.6,280423,277704,261227,261820,67050,747446,1159530,1700350
sub-109,14132.4,355.8,19648,68445.8,7295.6,4003.5,5570.7,2133.3,1736,2146.5,24743.4,4423.9,1653.6,604.4,18137.1,514.4,18164.5,68836.6,6869,4124,5422.1,1967.6,4284,1654.7,625.5,1194.3,779.6,563.2,734.3,1102,290375,288598,260864,260898,60990,778093,1198790,1858850
sub-110,6869.4,328.5,16777.5,64347.1,7562.8,4312.2,6362.7,2216.3,1392.5,1991.2,22608.8,4753.9,1869.5,746.8,7715.8,359.9,16725.8,68700.9,7880.2,4296.1,5995.1,1993.4,4699.8,1910.8,672,989.9,672.2,466,642.7,854.5,297734,297659,238840,236279,65638,795593,1155720,1484490
sub-111,6161.3,231.7,14055.3,57921.4,6618.5,3595.9,4206.7,1958.1,816.6,1870.8,19023.2,3793.5,1404.2,617.2,5584.6,334.4,13222.8,55676.1,6528.7,3673,4257.4,1561,4040.5,1594,653.2,1002.1,467.9,635.5,500.3,1070.7,220648,222883,197230,197581,53320,610939,906620,1383980
sub-112,7586.7,311.2,13619.2,61301.8,7927.5,3758.1,3416.1,1877,804.3,2581.1,18449.8,4061.4,1605.2,500.2,7497.1,324.5,13681.9,63206,7428.1,3546.1,3165.5,1777.4,4066.3,1618.3,606.9,1105.1,630.5,517.8,565.9,972.6,244378,243512,212678,210954,54097,665826,983086,1407250
sub-113,10281.8,645.5,20308.1,59341.4,7055.3,3162.6,5350.6,2206.7,1876.5,2028.3,22641.9,3645.7,1678,505,8753.7,425.7,18422.8,61263.9,7561.1,3211.1,5313.8,2082.6,4087.8,1671.2,494.5,899.4,458.3,554.8,502.3,943.9,253763,255129,235106,235820,58094,688707,1061770,1650160
sub-114,6621.9,302.5,16449.8,62308.6,7274.3,3763.4,4707.7,2199.6,1035.2,1551,21786.9,3856.6,1623.2,545,5956,326.2,15704.2,63647,7226.5,3861.6,4761.1,2163.2,4053,1692,578.1,795,471.4,503,369.6,814.3,261547,257505,224153,221661,57971,704856,1040260,1508980
sub-115,7415.2,307,12035.1,51091.8,7244.3,3777,4809.7,1850.3,887.2,2067.5,17226.8,3856.8,1759.6,765.7,7212.7,232.4,11020.3,50444.9,6871.1,3719.6,4818.7,1740.2,4166.8,1815.6,733.5,997.4,628.1,485.6,487.4,946.4,235768,236965,213432,213784,56998,631521,974606,1413250
sub-116,6962,340.3,12521.7,54042.6,6821.3,2854.3,5021,1894.9,1038.2,1479,18271.2,4128.3,1557,543.4,5799.1,408,12667,54547.5,7039.4,3021.2,5080.1,1834.6,4441.3,1543.7,522.1,990.2,659.5,599.3,599.9,872.1,222083,224351,199788,198017,55484,610963,915856,1390660
sub-117,4448.6,280.9,13771,55259.1,6619.9,3440.7,3689.2,1857.3,1051.5,1613.6,18133.6,3788.2,1526.9,543.2,4858.5,361.4,12457.5,55783.9,6097.7,3340.9,4543.3,1530.8,3926.2,1662.1,562.7,827.8,478.7,394.2,353.4,631.6,231175,231083,194776,194660,51505,625914,915640,1379520
sub-118,5938,364.3,15816.8,58347.9,7416.4,3795.7,4314.2,2067.4,1056.8,1695.1,24932.2,4524.9,1610.9,538.3,6427.8,529.9,16904,59843.2,7311.2,3824.2,4274.6,1953.1,4606,1641.5,523.4,1077.9,693.5,557.1,788,880.6,251330,249800,237480,233269,58704,678436,1046460,1509450
sub-119,2985.3,325.5,14770.3,55626,6596,2819.6,4170.1,1661,586.3,1207,17803.8,3801.8,1456.1,521.8,3031,369,14469.3,55645.3,6518.3,2995.4,4498.1,1427.1,4080.9,1537,536.1,865,559.5,556.6,551.5,776.8,249666,242941,195065,189294,50904,655106,936745,1325810
sub-120,8797.6,583.5,15383.4,55153.6,8356.6,3570.2,5170.7,2168.7,1469.1,2128.3,23850.9,4371.2,1839.3,711.5,8283.1,521,14869.8,55775,8324.3,3682,5235.2,2092.5,4829.7,1939.6,637.1,954.2,622.5,561.5,648,942.8,272411,273448,279909,281550,64144,721679,1192240,1716380
sub-121,3887.3,448.8,15128.8,55992.9,7523.2,3493.2,5978.6,1914.8,1003.6,1346.9,21224.3,3781.6,1478.9,588.4,3984.5,400.5,14523,56499.5,7392.8,3538.3,6004.1,1855,3924.4,1613.3,593.2,964.5,512.7,811.7,1047.3,968.7,254587,252574,215182,214559,59055,679877,1007860,1448690
sub-122,7171.7,338.4,15322.7,58962.1,7950.3,4536.5,5596.4,2219.1,912,2228.4,22788.7,3754,1621.1,690.1,6584.5,332.9,14984,59447.8,7871.6,4827.4,5706.3,2179.3,3907.4,1731.6,683,1098.1,614.5,468.6,590.1,973,257601,255384,232275,229711,63348,695881,1055760,1578900
sub-123,3604.4,320,13548.4,53878.6,7199,3290.8,4051.6,1994.8,726.8,2131.9,18560.5,4546.7,1783.4,616.7,3950.3,467.3,13810.7,53894.4,7138.8,3541.2,4768.5,1686.3,4730.9,2135.3,606.3,974.2,441.7,525.1,586.8,869,239113,241224,220839,217901,57658,646605,987360,1489960
sub-124,7569.5,318.7,15987.9,60401.3,8054.7,3816.9,5461.2,2135.5,1041.4,2026.5,22451.1,4509.2,1954.1,622.5,7590.2,423.7,14749.9,62036,7758.3,3954.1,5446.7,2025.6,4450.8,2071.3,549.1,1101.2,740.6,684.6,917.7,1159.2,268857,270069,251135,249036,63166,725483,1121680,1684550
sub-125,10180.7,502.2,16788.8,61204.3,7339.8,3440.6,5228.8,2290,1039.6,1877,21568.4,4317.1,1573.5,686.2,9258.2,521,17126.6,60660,7871.2,3499.9,5347.5,2086.6,4464.1,1800.8,640,1033.5,572.7,418.7,448.2,859.4,248434,250615,242214,241804,61202,683110,1068100,1624390
sub-126,5849.1,256.8,12262,47557.8,6982.6,3968.1,4928.6,1875.6,855.9,2103.1,17659.2,3612.3,1538.4,669.5,3806.6,225.3,12633.5,51372.1,7199.5,4108.2,5001.2,1641.6,3842.1,1678.3,658.8,802.3,522.6,488.3,613.7,810.1,248319,246914,211654,213140,56249,651678,989396,1413480
sub-127,6213.2,286.1,14027.9,61516.7,8404,3814.7,5370.1,2058.6,1113.7,1541.1,20155.1,3575.7,1559,613.7,5407.6,280.2,13473,64388.6,8265.9,3951.3,5270.4,2125.9,4072.6,1787.7,590.1,775.2,441,470,492.8,690.2,271425,271983,210572,211975,61383,732179,1043430,1587880
sub-128,4986.3,541.3,13159.8,56062.7,7498.7,3717.9,4205.2,2026.9,862.3,1464.2,18835.1,3822.7,1602.9,549.8,7734.5,286.2,12277.6,58319.8,6942.9,3807.7,4841.3,1752.9,3981.5,1586.1,535.9,861.1,507,362.6,429.3,892.5,244458,245856,202978,200064,56114,660842,965744,1417910
sub-129,6583.4,298,15077.7,64110.6,7994.8,3249,4546.2,2098.5,1078.1,2225.8,20316.9,3839.3,1496.9,480.2,4453.7,240.4,13772.5,63138.8,8019.4,3307.9,3805.4,2361.1,4096.6,1561.9,543.7,935.1,565.7,565.5,873.6,937.2,259156,256072,218337,214900,56719,700618,1020870,1455690
sub-130,13035.4,616.1,15864.7,60796.7,7850.1,4049.9,5982.8,2396.8,2200.6,2737.6,23091.4,4243.4,1859,523.6,12034.5,453,15358.1,60722.5,8232.8,4193.7,5926.4,2246.4,4474.3,2144.4,488,983.2,545,474.7,523.5,1125.8,264574,265835,270774,269846,65305,719028,1167030,1732720
sub-131,4548.1,534.1,14369.5,63460,7509.9,3234.7,5370.3,1915.1,1025.4,2434.3,22267.3,3785.4,1591.3,596.5,3106,476,13069.7,64630.2,7468.6,3013.4,5323.1,1744.9,4078.7,1775.9,582.6,887.7,496.7,636.8,756.5,795.8,256181,257492,213429,214743,57863,699991,1010650,1507870
sub-132,5820.4,470.9,14824.8,56369.3,7922.5,4071.2,5276.1,2191.8,1205,1649.6,21531,4070.5,1713.8,610.7,5829.8,605.1,13479.9,59118.2,7622.8,4208,5257.5,1917,4131.4,1782.5,630.4,873.5,499.3,409.6,375.5,836.9,250319,255228,204799,206368,62087,684134,994349,1486810
sub-133,9144,270.8,16492,64806.5,8066.8,3987.5,5941.1,2143.5,1063.9,2106.3,23029.5,4416.6,1689.5,673,6636.4,246.5,14632.6,65770.4,8035.4,3838.8,5926.9,2052.8,4522.1,1810.2,675.8,1020.9,577.9,545.5,643.9,881.5,281429,275753,248537,241314,63940,752622,1130940,1655250
sub-134,7761.2,325.8,13694.9,54271.5,6919.5,3668.1,4089.9,2070.6,813,1562.4,19548.9,3890.7,1705.3,592.2,5859.7,202.1,13119.8,53251.2,6857,3680.1,4775.2,1652.8,3983.7,1775.6,565.6,797.9,412.9,342,417.1,734,252483,253111,208436,208612,55359,669123,994754,1425630
sub-135,3954.7,521.1,14236.2,54366.9,6811.3,3558.6,5252.8,1921.6,724.9,1621.7,20054,3654.8,1828.2,613.5,3768.2,196.2,13211.8,56133.1,6935,3744.8,5522.8,1860.8,3984.8,1860.5,667.9,955.3,636.3,665.8,770.7,984.7,271029,268588,241575,238553,57807,708885,1088710,1538820
sub-136,2663.1,262.9,15142.9,51892.8,7364,2942.9,4594.3,1744.8,641.5,1102.4,20210.2,3914.4,1719.7,471.5,2425,272.6,14621.6,53291.2,6592.9,3122,4721.1,1779.1,4009.6,1721.6,562.1,882.6,457.3,753.5,638.6,706.7,248776,249439,205772,205868,54893,659121,972767,1403190
sub-137,4144.2,195.9,15672.7,62824.3,8458.4,3406.2,4486.1,1973.6,887.5,1441.8,19783.6,4217.4,1592.9,568.7,4643.6,184.2,15582.4,62545.6,7575,3620.7,4785.9,1838,4287.1,1891.6,552,992.3,474.9,512,569.7,868.1,258049,258337,211043,210872,58556,700969,1008910,1517800
sub-138,5692.9,328.6,13258.7,47762.5,6869.1,4193.1,4816.6,1921.2,960.2,1497,17687.5,3948.2,1689,609.1,7370.6,246.5,12485.2,50471.3,6481.1,4316.2,4957.2,2038.4,4346,1685.9,680.1,1014.6,625,621.1,487.3,984.3,236805,237756,220366,220092,57266,631139,988613,1403760
sub-139,3528.5,297.5,14369.1,57897.9,7346,3584.4,5527.9,2042.3,794.8,1379.6,19353.2,4432.5,1725.2,581.9,3358.3,367.9,13614.6,57195.6,7414.9,3477.3,5453.1,1760.9,4664.5,1847.9,689.9,1063.2,578,727.6,761.5,835.5,269268,276042,231897,232366,60046,721690,1080750,1583990
sub-140,6259.3,274.5,17525.3,57601.3,7412.7,3768.5,5018.9,2349.2,1061.3,1530.1,21750.1,4091.3,1613.8,663.8,4611.9,354.7,16556.1,56136.1,8707.3,3722,5127,1882.7,4114.5,1539.6,612.2,829.8,363.4,425.9,355.9,777.3,241427,239575,210678,207936,60168,656332,974363,1531300
sub-141,7492.7,563.7,13618.1,52276.7,7896.1,4294.1,5447.9,2095.2,1235.9,1456.9,22712.9,4497.4,1876,707.3,6440.6,361,14111.2,53196.5,7907,4414,5353.8,1999.7,4544.1,1871.1,701.5,909.6,505.9,421.5,370.4,954,256034,260481,227762,228644,64822,688027,1055800,1590200
sub-142,4567,206.3,15554.8,51532.5,7743.7,4322.6,5752.6,1951.9,920.5,1769.1,20853,4281.7,1927.9,637.4,4503.1,365.2,14816.4,53039.1,7473.4,4328.1,5870.6,1843.8,4259.9,1910.3,661,941.1,543.8,461.2,438.4,885,239721,236137,225571,221176,62830,645039,998598,1453360
sub-143,3399.7,455.7,13769.4,53341.5,6713.9,3149.4,5005.9,1733.2,711,1239.6,19789.5,3548.6,1514.8,512.9,2686.8,347.2,12868.5,52942.9,6652.3,3305.1,4919.6,1620.6,3778.6,1574.5,558.9,884.8,480.7,493.9,389.9,774,234676,232851,177938,175332,53774,628287,883635,1329300
sub-144,9088.8,436.1,13777.3,53891.9,6903.6,3377.3,5171.6,2012.7,1009.8,1326.2,19109.9,3730.8,1446,632.1,6424.8,350,12754.4,53714,7167.9,3692.5,5195.7,1880.4,3809.4,1264.4,510.2,977.4,480.1,429.2,443.3,865.9,244472,246523,229265,228839,55968,654635,1023940,1470140
sub-145,4540.7,447.4,11139.4,44813,6039.3,2853.7,4540.2,1788.9,941.8,1884.7,17814.3,3747.7,1337.6,458.7,3472.3,874.8,10646,43974.4,6888.9,2826.7,4421,1623,3821.5,1468.5,551.8,864.4,439.9,470.6,412.1,723.6,218434,217420,189911,187681,50341,576453,876315,1284390
sub-146,5559.8,137.8,16476,56975.2,8021.4,4038.3,5180.9,1805.1,929,2010.3,21141.8,4510.1,1669.9,552,6319.9,307.2,15873,57080.4,7339.7,4130.6,5677.4,1885.9,4431.7,1745.8,650.8,1028.8,505.1,525.4,589.3,956.6,266306,269610,255368,256287,61717,713000,1123680,1657810