SUBJID,LLatVent,RLatVent,Lthal,Rthal,Lcaud,Rcaud,Lput,Rput,Lpal,Rpal,Lhippo,Rhippo,Lamyg,Ramyg,Laccumb,Raccumb,ICV
sub-02,8738.6,9767.9,7805.4,7023.3,3477.3,3779.9,5409.2,5628.5,2213.8,2226.2,4510.1,4448.3,1638.7,2036,676.1,490.4,1506700
sub-03,8198.5,6710.3,8306.5,7189.3,3718.2,3784.3,5064,5730,2014.5,2043.2,4173.6,4235.1,1940.7,2273.8,495.1,593.9,1608840
sub-04,4469.9,3253.4,7672.9,7509.9,3347.4,3188.5,4891,4815.4,1901.9,1784.5,4092.5,4310.3,1836,1897.8,564.1,599.7,1476610
sub-05,3850.1,3338.5,8019.7,7753,3630.6,3621.2,5994.1,5976.5,2371.2,2369.8,4717.3,4593.6,1734.4,1687.6,592.1,583.1,1632500
sub-07,6270.4,6779.2,8238,7598.5,3635.1,3871,5485.5,5632.9,2148.8,2146.7,4482,5375.1,2206.4,2217.8,669.3,642.8,1571870
sub-08,2800.5,2568.7,7751.1,7267,3461.4,3414.8,4792.7,5075.9,2117.4,1777.9,4290.3,4368.9,1597.5,1763.8,500,555.6,1358020
sub-09,4328.1,3831.8,6022.6,6445.2,3125.8,3150.6,4735.3,4850.8,1860.1,1492.8,3826.4,4213.2,1724.2,1643.9,388.5,443.6,1247250
sub-10,2779.5,2832.8,6858,6815.9,3052.5,3293.3,4957.6,4965.3,1962.8,1753.6,4029.8,4222.4,1661.7,1729,434.2,574,1467860
sub-11,4877.8,5435.1,7745.6,7645.9,4149.2,4148.7,5981.9,5811.6,2167.6,2056.1,4568,4707.5,1889.8,2156,587.9,565,1701730
sub-13,3533.3,3400.8,7769.3,7538.7,3717.4,3856.8,5800.2,5737.2,2218.6,1927.6,4425.5,4268.1,1650.7,1690.3,557.1,593.8,1417510
sub-14,5534.8,3958,8059.6,7450.5,3513.4,3723.3,5539.5,5421.1,2217.1,2012,3963.8,3995.1,1689.2,1688.7,534.5,543.4,1474200
sub-15,8819.1,7650.8,7327,6916.4,3436.1,3434.8,4201.6,4252,1640.4,1602.1,3637.1,3856.8,1407.4,1610.1,515.8,594.9,1441660
sub-16,9399.9,9926.9,7867.9,7600.9,4472.7,4590.5,5394.9,5537.1,2400.2,2141,4052.3,4439.4,1933.2,2044.9,621.9,586.8,1708970
sub-17,6264.3,5764.5,8893.2,8201.7,3890.1,3966.6,6032.7,6234,2250.6,2087.2,4530.5,4932.4,2038.7,2378.1,492.8,561.4,1764830
sub-18,9251.6,8375,7439.2,7047.4,3788.9,3609.2,5209.4,5136,1941,1721.1,4334.9,4508,1703.1,1740.3,503.2,416.4,1620450
sub-19,10379.3,6292.1,6860.5,6405.6,3513.7,3541.3,4673.9,4602.9,2245,2257.3,3713.9,4051.9,1441.4,1693.1,463,529.1,1358450
sub-20,4738.7,5584.2,9022.9,8551.3,3684.7,4058.9,6110.1,6271.4,2417.7,2104.5,4158.3,4058.8,1721.2,1934.7,705,768.9,1713500
sub-21,23160.4,20655.7,8279,7248.6,4242.7,4282.7,5871.8,5903,2051.5,2182.2,4228.4,4309.8,1761.6,1814.2,468.1,604.2,1629750
sub-22,4253.1,3191.3,7881.9,7832.4,3663,3519.6,5822.9,5409.1,2179,2095,4040.2,4035.7,1514.7,1661.7,464.8,556,1457620
sub-24,7950.4,5511.3,7751.6,7727,4247.5,4186.2,5298.6,5372.2,1985,1940.5,4541.4,4677.8,1728.9,1857.7,563.4,577.3,1684400
sub-25,13844.2,8632.2,8477.2,8461.2,4088.1,4080.9,5479.7,5355.4,2353.2,2122.6,4165.4,4538.5,1591.7,1752.8,557.7,562.9,1656240
sub-26,8544.7,8264,7036.8,6516.2,4293.6,4311.4,4768.7,4882.8,2150,1873.3,4302.9,4209.5,1808.6,1965.7,446.3,507.4,1505280
sub-28,11886.3,9913.1,7737.2,7739.8,3675.9,3843.1,5464.8,5363.8,2107.7,1830.4,4009.3,4136.5,1766.7,1842.4,584.4,502.6,1431470
sub-29,3910.1,3425.2,8057.7,7712.5,3450.2,3504.7,5251.6,5279.5,2231.9,1986.5,4133,4353.7,1784,1808,489.4,473.8,1478850
sub-30,6598.9,5752,7185.5,7095.9,3334.4,3354.3,4593.9,4870.7,2037.3,1837.4,4306.1,4525.8,1658.1,1791.1,497,582.8,1494740
sub-31,7186.6,7441.5,9568.3,9020.8,4253.5,4226.8,6354.6,6101,2345.1,2079.3,4899.7,4968.9,2387.5,2486.3,682.6,699.3,1609620
sub-32,3993.9,5850.2,8328.5,8134,3885.2,3922,5611.7,5771.1,2032.9,2039.1,4469,4679.6,2000.7,1970,548.3,535,1754790
sub-33,8424.1,7216.5,7495,7353.7,3627.2,3713.4,5814.2,5678.4,2006.8,1820.9,4462.9,4441.3,1564,1768.8,596.1,578.2,1559670
sub-34,10042.2,10418,8408.8,8029,3747.2,3754,5210.3,5167.1,2514.2,2543.5,4111.7,4295.3,1819.8,1733.1,532.7,495.7,1458800
sub-38,5312.1,3977.4,7218.7,7340,4030.4,4071.6,4854,5071.5,1734,1716,3690.4,4214.6,1746.2,1829.2,502.2,623.1,1461750
sub-39,6723.6,5452,6441.2,6687.8,3506.5,3554.3,4789.8,4634.7,1968.8,1736.6,4259,4253.6,1546.8,1533.9,483.2,472.8,1371080
sub-40,13131.7,18503.6,8208.9,8304.9,3638.6,3440.1,5837.9,6026.4,2151.5,1996.5,4386.4,3979.2,2057.7,1952.9,612.9,537.4,1774550
sub-41,4536,5562.2,8594.2,8319,3231.7,3396.1,5946.7,5678.5,2012.5,1872.2,3858.4,3821.2,1691.1,1926.4,692.3,647.2,1683370
sub-42,6976,3304.2,6737.7,6921.2,2932.5,2777.4,5575.2,5577.6,2053.8,1722.7,3530.7,3851.1,1585.2,1638.5,459.2,573.4,1369840
sub-43,7181.6,6364.3,9113.7,8585.7,4089.5,4146.4,6310.5,6062,2673.5,2307.8,4695.1,4610.2,1907.9,2084.9,608.6,683.9,1728400
sub-44,5086.3,4279.4,7877.3,7602.7,3394.8,3413,5109.5,5132.5,2100.5,2032.9,3945.4,4354.7,2100.5,2085.6,547.8,623.8,1503130
sub-45,4409.3,3725.1,7571,7747.1,3992,3974.5,5448.5,5745,1986.6,1869.3,4125.8,4240.6,1551.9,1659.8,638.5,612.1,1457440
sub-46,10116.6,8504.5,8316.7,8125.5,3338.7,3478.5,5533.9,5533.3,2125.9,1984.7,3951.3,4188,1666.8,1832.8,550.9,564.7,1598870
sub-47,4065.7,2964.4,7975.1,7138.3,4112.9,4011,5519.8,5586.8,2024.7,1961.5,4396.1,4449.7,1626,1947,637.7,693.9,1169190
sub-48,4260,5883.9,8322.9,7620.3,4015.9,4050,5350.9,5320.7,2044.1,2130.8,4719.8,4917.7,2004.7,2319.5,648.8,668.5,1788120
sub-49,3915,3137.3,7116.4,6666.9,3258.5,3320,5739.2,5905.7,2182.8,1996.1,4268.3,4379.5,1547,1707.4,634.8,599.3,1469570
sub-50,4563.9,4372,9288.5,8067.6,4816.4,4535.3,6057.7,5987.1,2508.7,2234.5,4462.3,4425.3,2106.9,2110.6,829.5,847.8,1680780
sub-51,6671.3,5754,8617.4,8870.7,4069,3993.6,6418.7,6399.2,2305.5,2246.4,4591.8,4602.2,1663.6,1937.7,597.5,687.6,1563250
sub-52,8392.5,9252.2,8575,7903.1,3557.6,3641.4,5851.3,6035,1931.9,1844.7,4632.3,4507.1,1884.5,1988.6,520.5,726.2,1702020
sub-53,4665.8,4865.6,7942.3,7800,4053.6,4066.3,5110.8,5149.8,2274.5,1989.9,4061.6,4198.6,1629,1803.4,422.6,537.9,1601280
sub-54,5111.4,4145.8,7404.5,6709.2,3660.4,3856.3,5328.7,5484.3,1860,1856.1,4604.3,4423.6,1696.8,1687.6,594,620.9,1460090
sub-55,18387.6,14292.1,8730.7,7974.4,3964.7,4141.6,5458.3,5897.5,2151.6,2058.7,4685.4,4800.9,2066.2,2396.9,503.4,640.2,1935070
sub-56,6454,7695,8668,8479.3,4112.5,4113.6,5473.9,5553.2,2214.9,2160.1,4853.5,5207.3,2162.3,2301.2,506.1,599.2,1860830
sub-57,5560.7,5741,7423.5,7079.9,3894.6,3977.5,5611,5550,2145.8,1951.9,4196.5,4170.2,1446.5,1634.3,474.2,523.9,1451900
sub-58,3447.2,3680.8,7785.7,7847.4,3942,4097.8,5540.5,5220.2,2089.6,1903.7,4622.5,4216.1,1533.6,1774.7,796.6,783.2,1512340
sub-59,7999.7,5685.8,6903.9,6573.8,3336.6,3413.8,5409.9,5490.9,1848,1565.2,4050.4,4287.9,1236.4,1719.3,550.1,550.8,1420350
sub-60,12108.2,10125.2,8216.4,7788.6,3305.6,3564.8,5263.5,5500.8,2251.4,2004.3,4697.8,4510.3,1832.2,2016.1,505.8,542.3,1711430
sub-61,10973.8,10333.1,6347.8,5936.6,3123.4,3213,4376.8,4363.8,1905.1,1700.3,4110.4,4048.9,1687.5,1613.8,398.4,449.6,1517670
sub-62,3768.1,2797.9,7064.7,7344.1,3241.5,3086.2,5540.9,5333.1,2360.4,1941.4,4125.1,4359.5,1728.7,1912.3,598.9,666,1574310
sub-63,5204.5,3746.3,8665.3,8216.6,3958.6,3914.3,5357.1,5669.2,2016.9,1768.3,4550.5,4966.6,1889.5,2045.9,636.6,676.7,1576670
sub-64,8165.4,6193,7488.5,7310.8,3387.6,3526.2,4695.5,4623.5,2012.7,1937.8,4623.7,4355.3,1831.1,1963.2,527.6,555,1528550
sub-65,3413.1,4097.5,7773.4,7495.8,4087.9,4227.4,5906,5945.8,2177.8,2073.3,4470.4,4462.9,1824.3,2190.5,613.1,636.8,1469020
sub-66,8200.7,6552.4,8257.2,7789.9,4404.6,4522.6,7352.4,7599.6,2234.7,2172.9,4953.4,5263.9,2091,2305,775.1,710.3,1770240
sub-67,9163.7,8198,7235.2,7171,4435.3,4344.4,5147.2,5300.4,2286.7,1906,4530.9,4557.4,1825.7,1732,475.1,570.9,1516120
sub-68,7175.7,5735.7,6678.2,6877.4,3332.2,3334.5,5440.9,5228.2,1970.9,1731.9,4088.2,4182.1,1839.4,1876.6,541.7,593.5,1443390
sub-69,8161,16160.2,8910.1,8186.1,4103.3,4253.8,5608.7,5567.6,2110.3,1826,4278.2,4235.5,1607.3,1975,650.7,618.1,1792040
sub-70,10643.5,11156.5,9045.9,7998.1,3663.5,3879.6,3836.1,5160.4,2155.3,1880.8,4104.8,4075.4,1998.5,2096.4,534.5,582.4,1655730
sub-72,3437.4,3127.9,6777,7177,3284.1,3258.8,3984.5,4150.7,1936.9,1780.4,3693.4,3906.1,1547.5,1656.6,598,612.7,1442320
sub-73,7501.6,6197,7869.8,8467.2,3855.6,3915.2,5018.5,5119.8,2208.7,1834.4,4272.5,4489.2,2023.3,1899.6,502.7,667.6,1631780
sub-74,2581,2210.7,6993,7195.2,3064.8,3212.7,3204.4,3154.8,3115.5,3083.5,4117.8,4305.1,1804.4,1768.7,384.9,414.9,1429590
sub-75,6784.9,8303.9,6330.8,6293.4,2920.8,3093.3,4387,4493.4,1741.2,1560.8,3778.3,3883.4,1633.7,1605.1,436.3,496.3,1349580
sub-76,5144.8,5575.4,8138.2,7424.9,3889.8,3861.6,5088.1,5000.2,2158.1,2075,4442.8,4420.5,2034.8,2184.8,551.5,623.8,1704380
sub-77,4245.3,5818.9,7964.2,8227.6,4148.2,4429.9,5285.5,5329.9,2471.8,2175.9,4790.4,4730,1980.4,2077.1,565.4,547.3,1632890
sub-78,2912.9,2680.5,6892.4,6806.2,3318.4,3316.3,4552.3,4910.2,2140.9,2078.4,3925.6,3966.4,1617.4,1514.7,326.2,395,1415490
sub-79,3412.5,3818,9271.1,8881.9,4344.4,4681.9,6424.3,6359.4,2514.9,2296.1,4822.2,4908,2168,2076.6,592.9,700.1,1769780
sub-80,3869.9,3950.9,7680.3,7877.6,4570.6,4405.5,5959.1,5713.6,2114.7,1941.3,5033.8,4667.8,1827.9,2013.2,651.4,804.1,1535510
sub-81,15412.6,15278.1,8635.4,7883.7,3422.2,3615.5,5487.5,5636.5,2119.5,2143.8,4262.5,4286.6,1715.7,1900.7,541.6,544,1710520
sub-82,4680.3,5520.5,7918.6,7466,4220.8,4398.1,6247.4,6394,2329.3,2251,4672,4439.2,1969.8,2362.4,501.8,550.6,1423760
sub-83,3290.4,3119.5,7643.5,7770.7,3013.8,3128,5195.8,5158.9,2195.6,2023.2,4175.9,4401.2,1560,1659.2,498.2,549.7,1463280
sub-84,9293.8,9427,5838.5,5826.7,3388,3430.3,4383.5,4273.5,1880.8,1557.1,3655.1,3789.8,1485.8,1513.4,421.2,469.6,1348020
sub-85,3477,3231.5,7569.1,7586.1,3372.5,3293.4,4847.7,5025.9,1938.1,1825.9,3902.6,3915,1609.4,1756.1,514.8,562.9,1478560
sub-86,6877.8,5485.4,7221.2,6892.1,3426.6,3587.4,4837.2,5002.1,1906.9,1772.8,4180.4,4182,1663.9,1852.6,639.7,636.4,1265440
sub-87,5977.1,5148.8,9295.2,8812.7,4025.5,3970.5,5780.3,5498.4,2561.1,2336.2,4892.9,4929.8,1996.8,2311.4,660.2,728.3,1706370
sub-88,6460.4,6424.9,6882.4,6548.3,3199.7,3252.2,4466.6,4401.3,1673.1,1439.7,3518.1,3522.1,1527.2,1583.5,548.4,514.7,1238690
sub-89,4065.9,2909.1,7971.8,7714,3588.3,3403.7,5026.2,5187,2116.7,1777.8,4638.7,4205.8,1443.7,1664.5,594.3,672.3,1591850
sub-90,10140.1,6485.1,8281.1,8328.7,3809.3,3798.8,4873.1,4923.2,2086.7,1950.5,4900.9,4971.9,1759.6,1919,599.3,689.4,1785470
sub-91,5692.3,6752.8,7621.8,7408.4,3652.5,3868.6,5178.1,5391.4,2002,1668.9,4599.9,4543.4,1848.9,2147,638.9,609.1,1576230
sub-92,7910.7,7871.6,7598.5,6791.3,4239,4546.4,5644.4,5679.8,2105.6,1996.5,4800.8,4158.6,1838.2,2395.2,511.7,659.9,1691200
sub-93,10564.8,11374.5,7334,6317.5,3600,3833.9,3379.9,4819.4,1604.5,1651.9,3700.2,3677.5,1771.1,1740.5,655.6,655.6,1486540
sub-94,6362.9,6069.3,7769.7,7450.6,3746.2,3939,4961.3,4847.7,2146.7,1927.7,4095.8,4162.8,1880.1,1696.3,524.8,537.8,1460710
sub-95,4797,4432,6401.5,6748.3,3734.8,3645.3,5265,5380.5,1878,1629.4,4045.8,4073.6,1560.1,1703.4,512.3,597.5,1430970
sub-96,3856.4,3537.7,6652.6,6519.1,3585.2,3698.1,4672.6,4698.4,1764.3,1626.7,4193.9,4168.2,1559.9,1821.6,580.1,547.2,1329890
sub-97,4541.9,4052.1,8426.4,8465.9,3982.4,3821,5972.4,5967.4,2246.9,2000.3,4214,4478.7,1661.3,1988.2,631.9,683.7,1628390
sub-99,4974.6,3612.1,8556.8,7540.4,3750.6,3781,4412,5282,2004.5,2066.9,4678.1,4708.7,1772.1,1878.3,582.3,645.2,1600500
sub-100,3337.4,3063.9,6915.4,6548.7,3282.5,3304.8,4494,5020.4,1893,1688.8,3644.9,3943.1,1628.4,1617.2,594.3,623.1,1408510
sub-101,4058.9,4154.6,8292.3,8219.9,3582.4,3645.7,6163.5,6357.5,2189.6,1973.3,4296.3,4191.3,1835.9,1910.6,574.1,590.3,1590130
sub-102,5646.3,5458.6,7732.9,7433.3,3467.1,3649.9,5035.2,5198,2156.4,2047.9,4179.3,4193.5,1775.3,1803.7,613.2,550,1512890
sub-103,12116.7,12860.6,8153.9,7539.9,5065.4,4780.4,5706.1,5714.9,1993.3,2131.8,4058,4355.6,1864,2127.9,648.6,537.9,1780520
sub-104,6761.4,6223.2,7331.9,6687,3946.8,4082.5,5221.4,5275.2,1767.5,1788.9,4083.3,4163.6,1369.2,1620.8,581,590.7,1227540
sub-105,6434.5,6232.3,7885.6,6912.2,3748.7,3804.1,5503.3,5482.3,2069.5,1807.8,3712.5,3982.1,1440.6,1708.6,586.6,585.4,1481180
sub-106,9670.7,12082.5,7633.8,7652.6,3979.9,4122.2,5103.2,5109.3,2325.6,2180,4576.6,4276.6,2149.8,2108.9,588.7,637.4,1755440
sub-107,8108.7,6464.1,9015.8,7246.6,3689.1,3845.7,4077.7,5543.2,1896,1904.4,4131.9,4125.5,1863.8,1714.1,594.6,638.9,1531690
sub-108,4204.3,3442.8,7943.9,8139,4647.1,4799.4,5996.1,5940,2371.3,2158.6,4591.7,4579.7,1821.9,1960.1,772.6,718.9,1700350
sub-109,14132.4,18137.1,7295.6,6869,4003.5,4124,5570.7,5422.1,2133.3,1967.6,4423.9,4284,1653.6,1654.7,604.4,625.5,1858850
sub-110,6869.4,7715.8,7562.8,7880.2,4312.2,4296.1,6362.7,5995.1,2216.3,1993.4,4753.9,4699.8,1869.5,1910.8,746.8,672,1484490
sub-111,6161.3,5584.6,6618.5,6528.7,3595.9,3673,4206.7,4257.4,1958.1,1561,3793.5,4040.5,1404.2,1594,617.2,653.2,1383980
sub-112,7586.7,7497.1,7927.5,7428.1,3758.1,3546.1,3416.1,3165.5,1877,1777.4,4061.4,4066.3,1605.2,1618.3,500.2,606.9,1407250
sub-113,10281.8,8753.7,7055.3,7561.1,3162.6,3211.1,5350.6,5313.8,2206.7,2082.6,3645.7,4087.8,1678,1671.2,505,494.5,1650160
sub-114,6621.9,5956,7274.3,7226.5,3763.4,3861.6,4707.7,4761.1,2199.6,2163.2,3856.6,4053,1623.2,1692,545,578.1,1508990
sub-115,7415.2,7212.7,7244.3,6871.1,3777,3719.6,4809.7,4818.7,1850.3,1740.2,3856.8,4166.8,1759.6,1815.6,765.7,733.5,1413250
sub-116,6962,5799.1,6821.3,7039.4,2854.3,3021.2,5021,5080.1,1894.9,1834.6,4128.3,4441.3,1557,1543.7,543.4,522.1,1390660
sub-117,4448.6,4858.5,6619.9,6097.7,3440.7,3340.9,3689.2,4543.3,1857.3,1530.8,3788.2,3926.2,1526.9,1662.1,543.2,562.7,1379520
sub-118,5938,6427.8,7416.4,7311.2,3795.7,3824.2,4314.2,4274.6,2067.4,1953.1,4524.9,4606,1610.9,1641.5,538.3,523.4,1509450
sub-119,2985.3,3031,6596,6518.3,2819.6,2995.4,4170.1,4498.1,1661,1427.1,3801.8,4080.9,1456.1,1537,521.8,536.1,1325810
sub-120,8797.6,8283.1,8356.6,8324.3,3570.2,3682,5170.7,5235.2,2168.7,2092.5,4371.2,4829.7,1839.3,1939.6,711.5,637.1,1716380
sub-121,3887.3,3984.5,7523.2,7392.8,3493.2,3538.3,5978.6,6004.1,1914.8,1855,3781.6,3924.4,1478.9,1613.3,588.4,593.2,1448690
sub-122,7171.7,6584.5,7950.3,7871.6,4536.5,4827.4,5596.4,5706.3,2219.1,2179.3,3754,3907.4,1621.1,1731.6,690.1,683,1578900
sub-123,3604.4,3950.3,7199,7138.8,3290.8,3541.2,4051.6,4768.5,1994.8,1686.3,4546.7,4730.9,1783.4,2135.3,616.7,606.3,1489970
sub-124,7569.5,7590.2,8054.7,7758.3,3816.9,3954.1,5461.2,5446.7,2135.5,2025.6,4509.2,4450.8,1954.1,2071.3,622.5,549.1,1684550
sub-125,10180.7,9258.2,7339.8,7871.2,3440.6,3499.9,5228.8,5347.5,2290,2086.6,4317.1,4464.1,1573.5,1800.8,686.2,640,1624390
sub-126,5849.1,3806.6,6982.6,7199.5,3968.1,4108.2,4928.6,5001.2,1875.6,1641.6,3612.3,3842.1,1538.4,1678.3,669.5,658.8,1413480
sub-127,6213.2,5407.6,8404,8265.9,3814.7,3951.3,5370.1,5270.4,2058.6,2125.9,3575.7,4072.6,1559,1787.7,613.7,590.1,1587880
sub-128,4986.3,7734.5,7498.7,6942.9,3717.9,3807.7,4205.2,4841.3,2026.9,1752.9,3822.7,3981.5,1602.9,1586.1,549.8,535.9,1417910
sub-129,6583.4,4453.7,7994.8,8019.4,3249,3307.9,4546.2,3805.4,2098.5,2361.1,3839.3,4096.6,1496.9,1561.9,480.2,543.7,1455690
sub-130,13035.4,12034.5,7850.1,8232.8,4049.9,4193.7,5982.8,5926.4,2396.8,2246.4,4243.4,4474.3,1859,2144.4,523.6,488,1732720
sub-131,4548.1,3106,7509.9,7468.6,3234.7,3013.4,5370.3,5323.1,1915.1,1744.9,3785.4,4078.7,1591.3,1775.9,596.5,582.6,1507870
sub-132,5820.4,5829.8,7922.5,7622.8,4071.2,4208,5276.1,5257.5,2191.8,1917,4070.5,4131.4,1713.8,1782.5,610.7,630.4,1486810
sub-133,9144,6636.4,8066.8,8035.4,3987.5,3838.8,5941.1,5926.9,2143.5,2052.8,4416.6,4522.1,1689.5,1810.2,673,675.8,1655250
sub-134,7761.2,5859.7,6919.5,6857,3668.1,3680.1,4089.9,4775.2,2070.6,1652.8,3890.7,3983.7,1705.3,1775.6,592.2,565.6,1425630
sub-135,3954.7,3768.2,6811.3,6935,3558.6,3744.8,5252.8,5522.8,1921.6,1860.8,3654.8,3984.8,1828.2,1860.5,613.5,667.9,1538820
sub-136,2663.1,2425,7364,6592.9,2942.9,3122,4594.3,4721.1,1744.8,1779.1,3914.4,4009.6,1719.7,1721.6,471.5,562.1,1403190
sub-137,4144.2,4643.6,8458.4,7575,3406.2,3620.7,4486.1,4785.9,1973.6,1838,4217.4,4287.1,1592.9,1891.6,568.7,552,1517800
sub-138,5692.9,7370.6,6869.1,6481.1,4193.1,4316.2,4816.6,4957.2,1921.2,2038.4,3948.2,4346,1689,1685.9,609.1,680.1,1403760
sub-139,3528.5,3358.3,7346,7414.9,3584.4,3477.3,5527.9,5453.1,2042.3,1760.9,4432.5,4664.5,1725.2,1847.9,581.9,689.9,1583990
sub-140,6259.3,4611.9,7412.7,8707.3,3768.5,3722,5018.9,5127,2349.2,1882.7,4091.3,4114.5,1613.8,1539.6,663.8,612.2,1531300
sub-141,7492.7,6440.6,7896.1,7907,4294.1,4414,5447.9,5353.8,2095.2,1999.7,4497.4,4544.1,1876,1871.1,707.3,701.5,1590200
sub-142,4567,4503.1,7743.7,7473.4,4322.6,4328.1,5752.6,5870.6,1951.9,1843.8,4281.7,4259.9,1927.9,1910.3,637.4,661,1453360
sub-143,3399.7,2686.8,6713.9,6652.3,3149.4,3305.1,5005.9,4919.6,1733.2,1620.6,3548.6,3778.6,1514.8,1574.5,512.9,558.9,1329300
sub-144,9088.8,6424.8,6903.6,7167.9,3377.3,3692.5,5171.6,5195.7,2012.7,1880.4,3730.8,3809.4,1446,1264.4,632.1,510.2,1470140
sub-145,4540.7,3472.3,6039.3,6888.9,2853.7,2826.7,4540.2,4421,1788.9,1623,3747.7,3821.5,1337.6,1468.5,458.7,551.8,1284390
sub-146,5559.8,6319.9,8021.4,7339.7,4038.3,4130.6,5180.9,5677.4,1805.1,1885.9,4510.1,4431.7,1669.9,1745.8,552,650.8,1657810