target,enigma
Lateral-Ventricle_Left,LLatVent
Thalamus_Left,Lthal
Caudate_Left,Lcaud
Putamen_Left,Lput
Pallidum_Left,Lpal
Hippocampus_Left,Lhippo
Amygdala_Left,Lamyg
Accumbens-area_Left,Laccumb
Lateral-Ventricle_Right,RLatVent
Thalamus_Right,Rthal
Caudate_Right,Rcaud
Putamen_Right,Rput
Pallidum_Right,Rpal
Hippocampus_Right,Rhippo
Amygdala_Right,Ramyg
Accumbens-area_Right,Raccumb
SA_bankssts_left,L_bankssts_surfavg
SA_caudalanteriorcingulate_left,L_caudalanteriorcingulate_surfavg
SA_caudalmiddlefrontal_left,L_caudalmiddlefrontal_surfavg
SA_cuneus_left,L_cuneus_surfavg
SA_entorhinal_left,L_entorhinal_surfavg
SA_fusiform_left,L_fusiform_surfavg
SA_inferiorparietal_left,L_inferiorparietal_surfavg
SA_inferiortemporal_left,L_inferiortemporal_surfavg
SA_isthmuscingulate_left,L_isthmuscingulate_surfavg
SA_lateraloccipital_left,L_lateraloccipital_surfavg
SA_lateralorbitofrontal_left,L_lateralorbitofrontal_surfavg
SA_lingual_left,L_lingual_surfavg
SA_medialorbitofrontal_left,L_medialorbitofrontal_surfavg
SA_middletemporal_left,L_middletemporal_surfavg
SA_parahippocampal_left,L_parahippocampal_surfavg
SA_paracentral_left,L_paracentral_surfavg
SA_parsopercularis_left,L_parsopercularis_surfavg
SA_parsorbitalis_left,L_parsorbitalis_surfavg
SA_parstriangularis_left,L_parstriangularis_surfavg
SA_pericalcarine_left,L_pericalcarine_surfavg
SA_postcentral_left,L_postcentral_surfavg
SA_posteriorcingulate_left,L_posteriorcingulate_surfavg
SA_precentral_left,L_precentral_surfavg
SA_precuneus_left,L_precuneus_surfavg
SA_rostralanteriorcingulate_left,L_rostralanteriorcingulate_surfavg
SA_rostralmiddlefrontal_left,L_rostralmiddlefrontal_surfavg
SA_superiorfrontal_left,L_superiorfrontal_surfavg
SA_superiorparietal_left,L_superiorparietal_surfavg
SA_superiortemporal_left,L_superiortemporal_surfavg
SA_supramarginal_left,L_supramarginal_surfavg
SA_frontalpole_left,L_frontalpole_surfavg
SA_temporalpole_left,L_temporalpole_surfavg
SA_transversetemporal_left,L_transversetemporal_surfavg
SA_insula_left,L_insula_surfavg
SA_bankssts_right,R_bankssts_surfavg
SA_caudalanteriorcingulate_right,R_caudalanteriorcingulate_surfavg
SA_caudalmiddlefrontal_right,R_caudalmiddlefrontal_surfavg
SA_cuneus_right,R_cuneus_surfavg
SA_entorhinal_right,R_entorhinal_surfavg
SA_fusiform_right,R_fusiform_surfavg
SA_inferiorparietal_right,R_inferiorparietal_surfavg
SA_inferiortemporal_right,R_inferiortemporal_surfavg
SA_isthmuscingulate_right,R_isthmuscingulate_surfavg
SA_lateraloccipital_right,R_lateraloccipital_surfavg
SA_lateralorbitofrontal_right,R_lateralorbitofrontal_surfavg
SA_lingual_right,R_lingual_surfavg
SA_medialorbitofrontal_right,R_medialorbitofrontal_surfavg
SA_middletemporal_right,R_middletemporal_surfavg
SA_parahippocampal_right,R_parahippocampal_surfavg
SA_paracentral_right,R_paracentral_surfavg
SA_parsopercularis_right,R_parsopercularis_surfavg
SA_parsorbitalis_right,R_parsorbitalis_surfavg
SA_parstriangularis_right,R_parstriangularis_surfavg
SA_pericalcarine_right,R_pericalcarine_surfavg
SA_postcentral_right,R_postcentral_surfavg
SA_posteriorcingulate_right,R_posteriorcingulate_surfavg
SA_precentral_right,R_precentral_surfavg
SA_precuneus_right,R_precuneus_surfavg
SA_rostralanteriorcingulate_right,R_rostralanteriorcingulate_surfavg
SA_rostralmiddlefrontal_right,R_rostralmiddlefrontal_surfavg
SA_superiorfrontal_right,R_superiorfrontal_surfavg
SA_superiorparietal_right,R_superiorparietal_surfavg
SA_superiortemporal_right,R_superiortemporal_surfavg
SA_supramarginal_right,R_supramarginal_surfavg
SA_frontalpole_right,R_frontalpole_surfavg
SA_temporalpole_right,R_temporalpole_surfavg
SA_transversetemporal_right,R_transversetemporal_surfavg
SA_insula_right,R_insula_surfavg
CT_bankssts_left,L_bankssts_thickavg
CT_caudalanteriorcingulate_left,L_caudalanteriorcingulate_thickavg
CT_caudalmiddlefrontal_left,L_caudalmiddlefrontal_thickavg
CT_cuneus_left,L_cuneus_thickavg
CT_entorhinal_left,L_entorhinal_thickavg
CT_fusiform_left,L_fusiform_thickavg
CT_inferiorparietal_left,L_inferiorparietal_thickavg
CT_inferiortemporal_left,L_inferiortemporal_thickavg
CT_isthmuscingulate_left,L_isthmuscingulate_thickavg
CT_lateraloccipital_left,L_lateraloccipital_thickavg
CT_lateralorbitofrontal_left,L_lateralorbitofrontal_thickavg
CT_lingual_left,L_lingual_thickavg
CT_medialorbitofrontal_left,L_medialorbitofrontal_thickavg
CT_middletemporal_left,L_middletemporal_thickavg
CT_parahippocampal_left,L_parahippocampal_thickavg
CT_paracentral_left,L_paracentral_thickavg
CT_parsopercularis_left,L_parsopercularis_thickavg
CT_parsorbitalis_left,L_parsorbitalis_thickavg
CT_parstriangularis_left,L_parstriangularis_thickavg
CT_pericalcarine_left,L_pericalcarine_thickavg
CT_postcentral_left,L_postcentral_thickavg
CT_posteriorcingulate_left,L_posteriorcingulate_thickavg
CT_precentral_left,L_precentral_thickavg
CT_precuneus_left,L_precuneus_thickavg
CT_rostralanteriorcingulate_left,L_rostralanteriorcingulate_thickavg
CT_rostralmiddlefrontal_left,L_rostralmiddlefrontal_thickavg
CT_superiorfrontal_left,L_superiorfrontal_thickavg
CT_superiorparietal_left,L_superiorparietal_thickavg
CT_superiortemporal_left,L_superiortemporal_thickavg
CT_supramarginal_left,L_supramarginal_thickavg
CT_frontalpole_left,L_frontalpole_thickavg
CT_temporalpole_left,L_temporalpole_thickavg
CT_transversetemporal_left,L_transversetemporal_thickavg
CT_insula_left,L_insula_thickavg
CT_bankssts_right,R_bankssts_thickavg
CT_caudalanteriorcingulate_right,R_caudalanteriorcingulate_thickavg
CT_caudalmiddlefrontal_right,R_caudalmiddlefrontal_thickavg
CT_cuneus_right,R_cuneus_thickavg
CT_entorhinal_right,R_entorhinal_thickavg
CT_fusiform_right,R_fusiform_thickavg
CT_inferiorparietal_right,R_inferiorparietal_thickavg
CT_inferiortemporal_right,R_inferiortemporal_thickavg
CT_isthmuscingulate_right,R_isthmuscingulate_thickavg
CT_lateraloccipital_right,R_lateraloccipital_thickavg
CT_lateralorbitofrontal_right,R_lateralorbitofrontal_thickavg
CT_lingual_right,R_lingual_thickavg
CT_medialorbitofrontal_right,R_medialorbitofrontal_thickavg
CT_middletemporal_right,R_middletemporal_thickavg
CT_parahippocampal_right,R_parahippocampal_thickavg
CT_paracentral_right,R_paracentral_thickavg
CT_parsopercularis_right,R_parsopercularis_thickavg
CT_parsorbitalis_right,R_parsorbitalis_thickavg
CT_parstriangularis_right,R_parstriangularis_thickavg
CT_pericalcarine_right,R_pericalcarine_thickavg
CT_postcentral_right,R_postcentral_thickavg
CT_posteriorcingulate_right,R_posteriorcingulate_thickavg
CT_precentral_right,R_precentral_thickavg
CT_precuneus_right,R_precuneus_thickavg
CT_rostralanteriorcingulate_right,R_rostralanteriorcingulate_thickavg
CT_rostralmiddlefrontal_right,R_rostralmiddlefrontal_thickavg
CT_superiorfrontal_right,R_superiorfrontal_thickavg
CT_superiorparietal_right,R_superiorparietal_thickavg
CT_superiortemporal_right,R_superiortemporal_thickavg
CT_supramarginal_right,R_supramarginal_thickavg
CT_frontalpole_right,R_frontalpole_thickavg
CT_temporalpole_right,R_temporalpole_thickavg
CT_transversetemporal_right,R_transversetemporal_thickavg
CT_insula_right,R_insula_thickavg
GMV_bankssts_left,L_bankssts_surfavg
GMV_caudalanteriorcingulate_left,L_caudalanteriorcingulate_surfavg
GMV_caudalmiddlefrontal_left,L_caudalmiddlefrontal_surfavg
GMV_cuneus_left,L_cuneus_surfavg
GMV_entorhinal_left,L_entorhinal_surfavg
GMV_fusiform_left,L_fusiform_surfavg
GMV_inferiorparietal_left,L_inferiorparietal_surfavg
GMV_inferiortemporal_left,L_inferiortemporal_surfavg
GMV_isthmuscingulate_left,L_isthmuscingulate_surfavg
GMV_lateraloccipital_left,L_lateraloccipital_surfavg
GMV_lateralorbitofrontal_left,L_lateralorbitofrontal_surfavg
GMV_lingual_left,L_lingual_surfavg
GMV_medialorbitofrontal_left,L_medialorbitofrontal_surfavg
GMV_middletemporal_left,L_middletemporal_surfavg
GMV_parahippocampal_left,L_parahippocampal_surfavg
GMV_paracentral_left,L_paracentral_surfavg
GMV_parsopercularis_left,L_parsopercularis_surfavg
GMV_parsorbitalis_left,L_parsorbitalis_surfavg
GMV_parstriangularis_left,L_parstriangularis_surfavg
GMV_pericalcarine_left,L_pericalcarine_surfavg
GMV_postcentral_left,L_postcentral_surfavg
GMV_posteriorcingulate_left,L_posteriorcingulate_surfavg
GMV_precentral_left,L_precentral_surfavg
GMV_precuneus_left,L_precuneus_surfavg
GMV_rostralanteriorcingulate_left,L_rostralanteriorcingulate_surfavg
GMV_rostralmiddlefrontal_left,L_rostralmiddlefrontal_surfavg
GMV_superiorfrontal_left,L_superiorfrontal_surfavg
GMV_superiorparietal_left,L_superiorparietal_surfavg
GMV_superiortemporal_left,L_superiortemporal_surfavg
GMV_supramarginal_left,L_supramarginal_surfavg
GMV_frontalpole_left,L_frontalpole_surfavg
GMV_temporalpole_left,L_temporalpole_surfavg
GMV_transversetemporal_left,L_transversetemporal_surfavg
GMV_insula_left,L_insula_surfavg
GMV_bankssts_right,R_bankssts_surfavg
GMV_caudalanteriorcingulate_right,R_caudalanteriorcingulate_surfavg
GMV_caudalmiddlefrontal_right,R_caudalmiddlefrontal_surfavg
GMV_cuneus_right,R_cuneus_surfavg
GMV_entorhinal_right,R_entorhinal_surfavg
GMV_fusiform_right,R_fusiform_surfavg
GMV_inferiorparietal_right,R_inferiorparietal_surfavg
GMV_inferiortemporal_right,R_inferiortemporal_surfavg
GMV_isthmuscingulate_right,R_isthmuscingulate_surfavg
GMV_lateraloccipital_right,R_lateraloccipital_surfavg
GMV_lateralorbitofrontal_right,R_lateralorbitofrontal_surfavg
GMV_lingual_right,R_lingual_surfavg
GMV_medialorbitofrontal_right,R_medialorbitofrontal_surfavg
GMV_middletemporal_right,R_middletemporal_surfavg
GMV_parahippocampal_right,R_parahippocampal_surfavg
GMV_paracentral_right,R_paracentral_surfavg
GMV_parsopercularis_right,R_parsopercularis_surfavg
GMV_parsorbitalis_right,R_parsorbitalis_surfavg
GMV_parstriangularis_right,R_parstriangularis_surfavg
GMV_pericalcarine_right,R_pericalcarine_surfavg
GMV_postcentral_right,R_postcentral_surfavg
GMV_posteriorcingulate_right,R_posteriorcingulate_surfavg
GMV_precentral_right,R_precentral_surfavg
GMV_precuneus_right,R_precuneus_surfavg
GMV_rostralanteriorcingulate_right,R_rostralanteriorcingulate_surfavg
GMV_rostralmiddlefrontal_right,R_rostralmiddlefrontal_surfavg
GMV_superiorfrontal_right,R_superiorfrontal_surfavg
GMV_superiorparietal_right,R_superiorparietal_surfavg
GMV_superiortemporal_right,R_superiortemporal_surfavg
GMV_supramarginal_right,R_supramarginal_surfavg
GMV_frontalpole_right,R_frontalpole_surfavg
GMV_temporalpole_right,R_temporalpole_surfavg
GMV_transversetemporal_right,R_transversetemporal_surfavg
GMV_insula_right,R_insula_surfavg
GWR_bankssts_left,L_bankssts_surfavg
GWR_caudalanteriorcingulate_left,L_caudalanteriorcingulate_surfavg
GWR_caudalmiddlefrontal_left,L_caudalmiddlefrontal_surfavg
GWR_cuneus_left,L_cuneus_surfavg
GWR_entorhinal_left,L_entorhinal_surfavg
GWR_fusiform_left,L_fusiform_surfavg
GWR_inferiorparietal_left,L_inferiorparietal_surfavg
GWR_inferiortemporal_left,L_inferiortemporal_surfavg
GWR_isthmuscingulate_left,L_isthmuscingulate_surfavg
GWR_lateraloccipital_left,L_lateraloccipital_surfavg
GWR_lateralorbitofrontal_left,L_lateralorbitofrontal_surfavg
GWR_lingual_left,L_lingual_surfavg
GWR_medialorbitofrontal_left,L_medialorbitofrontal_surfavg
GWR_middletemporal_left,L_middletemporal_surfavg
GWR_parahippocampal_left,L_parahippocampal_surfavg
GWR_paracentral_left,L_paracentral_surfavg
GWR_parsopercularis_left,L_parsopercularis_surfavg
GWR_parsorbitalis_left,L_parsorbitalis_surfavg
GWR_parstriangularis_left,L_parstriangularis_surfavg
GWR_pericalcarine_left,L_pericalcarine_surfavg
GWR_postcentral_left,L_postcentral_surfavg
GWR_posteriorcingulate_left,L_posteriorcingulate_surfavg
GWR_precentral_left,L_precentral_surfavg
GWR_precuneus_left,L_precuneus_surfavg
GWR_rostralanteriorcingulate_left,L_rostralanteriorcingulate_surfavg
GWR_rostralmiddlefrontal_left,L_rostralmiddlefrontal_surfavg
GWR_superiorfrontal_left,L_superiorfrontal_surfavg
GWR_superiorparietal_left,L_superiorparietal_surfavg
GWR_superiortemporal_left,L_superiortemporal_surfavg
GWR_supramarginal_left,L_supramarginal_surfavg
GWR_frontalpole_left,L_frontalpole_surfavg
GWR_temporalpole_left,L_temporalpole_surfavg
GWR_transversetemporal_left,L_transversetemporal_surfavg
GWR_insula_left,L_insula_surfavg
GWR_bankssts_right,R_bankssts_surfavg
GWR_caudalanteriorcingulate_right,R_caudalanteriorcingulate_surfavg
GWR_caudalmiddlefrontal_right,R_caudalmiddlefrontal_surfavg
GWR_cuneus_right,R_cuneus_surfavg
GWR_entorhinal_right,R_entorhinal_surfavg
GWR_fusiform_right,R_fusiform_surfavg
GWR_inferiorparietal_right,R_inferiorparietal_surfavg
GWR_inferiortemporal_right,R_inferiortemporal_surfavg
GWR_isthmuscingulate_right,R_isthmuscingulate_surfavg
GWR_lateraloccipital_right,R_lateraloccipital_surfavg
GWR_lateralorbitofrontal_right,R_lateralorbitofrontal_surfavg
GWR_lingual_right,R_lingual_surfavg
GWR_medialorbitofrontal_right,R_medialorbitofrontal_surfavg
GWR_middletemporal_right,R_middletemporal_surfavg
GWR_parahippocampal_right,R_parahippocampal_surfavg
GWR_paracentral_right,R_paracentral_surfavg
GWR_parsopercularis_right,R_parsopercularis_surfavg
GWR_parsorbitalis_right,R_parsorbitalis_surfavg
GWR_parstriangularis_right,R_parstriangularis_surfavg
GWR_pericalcarine_right,R_pericalcarine_surfavg
GWR_postcentral_right,R_postcentral_surfavg
GWR_posteriorcingulate_right,R_posteriorcingulate_surfavg
GWR_precentral_right,R_precentral_surfavg
GWR_precuneus_right,R_precuneus_surfavg
GWR_rostralanteriorcingulate_right,R_rostralanteriorcingulate_surfavg
GWR_rostralmiddlefrontal_right,R_rostralmiddlefrontal_surfavg
GWR_superiorfrontal_right,R_superiorfrontal_surfavg
GWR_superiorparietal_right,R_superiorparietal_surfavg
GWR_superiortemporal_right,R_superiortemporal_surfavg
GWR_supramarginal_right,R_supramarginal_surfavg
GWR_frontalpole_right,R_frontalpole_surfavg
GWR_temporalpole_right,R_temporalpole_surfavg
GWR_transversetemporal_right,R_transversetemporal_surfavg
GWR_insula_right,R_insula_surfavg